SEM_EXM_EXCH_ID,SEM_SEGMENT,SEM_SMST_SECURITY_ID,SEM_INSTRUMENT_NAME,SEM_EXPIRY_CODE,SEM_TRADING_SYMBOL,SEM_LOT_UNITS,SEM_CUSTOM_SYMBOL,SEM_EXPIRY_DATE,SEM_STRIKE_PRICE,SEM_OPTION_TYPE,SEM_TICK_SIZE,SEM_EXPIRY_FLAG,SEM_EXCH_INSTRUMENT_TYPE,SEM_SERIES,SM_SYMBOL_NAME
NSE,D,49224,FUTIDX,0,BANKNIFTY-Jan2026-FUT,30,BANKNIFTY JAN FUT,27-01-2026 14:30,-0.01,XX,20,M,FUT,,
NSE,D,49225,FUTIDX,0,FINNIFTY-Jan2026-FUT,60,FINNIFTY JAN FUT,27-01-2026 14:30,-0.01,XX,10,M,FUT,,
NSE,D,49226,FUTIDX,0,MIDCPNIFTY-Jan2026-FUT,120,MIDCPNIFTY JAN FUT,27-01-2026 14:30,-0.01,XX,5,M,FUT,,
NSE,D,49229,FUTIDX,0,NIFTY-Jan2026-FUT,65,NIFTY JAN FUT,27-01-2026 14:30,-0.01,XX,10,M,FUT,,
NSE,D,49234,FUTIDX,0,NIFTYNXT50-Jan2026-FUT,25,NIFTYNXT50 JAN FUT,27-01-2026 14:30,-0.01,XX,20,M,FUT,,
NSE,D,49235,FUTSTK,0,360ONE-Jan2026-FUT,500,360ONE JAN FUT,27-01-2026 14:30,-0.01,XX,10,M,FUT,,
NSE,D,49236,FUTSTK,0,ABB-Jan2026-FUT,125,ABB JAN FUT,27-01-2026 14:30,-0.01,XX,50,M,FUT,,
NSE,D,49237,FUTSTK,0,ABCAPITAL-Jan2026-FUT,3100,ABCAPITAL JAN FUT,27-01-2026 14:30,-0.01,XX,5,M,FUT,,
NSE,D,49239,FUTSTK,0,ADANIENSOL-Jan2026-FUT,675,ADANIENSOL JAN FUT,27-01-2026 14:30,-0.01,XX,10,M,FUT,,
NSE,D,49240,FUTSTK,0,ADANIENT-Jan2026-FUT,309,ADANIENT JAN FUT,27-01-2026 14:30,-0.01,XX,10,M,FUT,,
NSE,D,49241,FUTSTK,0,ADANIGREEN-Jan2026-FUT,600,ADANIGREEN JAN FUT,27-01-2026 14:30,-0.01,XX,10,M,FUT,,
NSE,D,49242,FUTSTK,0,ADANIPORTS-Jan2026-FUT,475,ADANIPORTS JAN FUT,27-01-2026 14:30,-0.01,XX,10,M,FUT,,
NSE,D,49259,FUTSTK,0,ALKEM-Jan2026-FUT,125,ALKEM JAN FUT,27-01-2026 14:30,-0.01,XX,50,M,FUT,,
NSE,D,49260,FUTSTK,0,AMBER-Jan2026-FUT,100,AMBER JAN FUT,27-01-2026 14:30,-0.01,XX,50,M,FUT,,
NSE,D,49263,FUTSTK,0,AMBUJACEM-Jan2026-FUT,1050,AMBUJACEM JAN FUT,27-01-2026 14:30,-0.01,XX,5,M,FUT,,
NSE,D,49265,FUTSTK,0,ANGELONE-Jan2026-FUT,250,ANGELONE JAN FUT,27-01-2026 14:30,-0.01,XX,10,M,FUT,,
NSE,D,49266,FUTSTK,0,APLAPOLLO-Jan2026-FUT,350,APLAPOLLO JAN FUT,27-01-2026 14:30,-0.01,XX,10,M,FUT,,
NSE,D,49267,FUTSTK,0,APOLLOHOSP-Jan2026-FUT,125,APOLLOHOSP JAN FUT,27-01-2026 14:30,-0.01,XX,50,M,FUT,,
NSE,D,49269,FUTSTK,0,ASHOKLEY-Jan2026-FUT,5000,ASHOKLEY JAN FUT,27-01-2026 14:30,-0.01,XX,1,M,FUT,,
NSE,D,49270,FUTSTK,0,ASIANPAINT-Jan2026-FUT,250,ASIANPAINT JAN FUT,27-01-2026 14:30,-0.01,XX,10,M,FUT,,
NSE,D,49277,FUTSTK,0,ASTRAL-Jan2026-FUT,425,ASTRAL JAN FUT,27-01-2026 14:30,-0.01,XX,10,M,FUT,,
NSE,D,49278,FUTSTK,0,AUBANK-Jan2026-FUT,1000,AUBANK JAN FUT,27-01-2026 14:30,-0.01,XX,5,M,FUT,,
NSE,D,49279,FUTSTK,0,AUROPHARMA-Jan2026-FUT,550,AUROPHARMA JAN FUT,27-01-2026 14:30,-0.01,XX,10,M,FUT,,
NSE,D,49282,FUTSTK,0,AXISBANK-Jan2026-FUT,625,AXISBANK JAN FUT,27-01-2026 14:30,-0.01,XX,10,M,FUT,,
NSE,D,49303,FUTSTK,0,BAJAJ-AUTO-Jan2026-FUT,75,BAJAJ-AUTO JAN FUT,27-01-2026 14:30,-0.01,XX,50,M,FUT,,
NSE,D,49304,FUTSTK,0,BAJAJFINSV-Jan2026-FUT,250,BAJAJFINSV JAN FUT,27-01-2026 14:30,-0.01,XX,10,M,FUT,,
NSE,D,49305,FUTSTK,0,BAJFINANCE-Jan2026-FUT,750,BAJFINANCE JAN FUT,27-01-2026 14:30,-0.01,XX,5,M,FUT,,
NSE,D,49306,FUTSTK,0,BANDHANBNK-Jan2026-FUT,3600,BANDHANBNK JAN FUT,27-01-2026 14:30,-0.01,XX,1,M,FUT,,
NSE,D,49307,FUTSTK,0,BANKBARODA-Jan2026-FUT,2925,BANKBARODA JAN FUT,27-01-2026 14:30,-0.01,XX,5,M,FUT,,
NSE,D,49308,FUTSTK,0,BANKINDIA-Jan2026-FUT,5200,BANKINDIA JAN FUT,27-01-2026 14:30,-0.01,XX,1,M,FUT,,
NSE,D,49310,FUTSTK,0,BDL-Jan2026-FUT,350,BDL JAN FUT,27-01-2026 14:30,-0.01,XX,10,M,FUT,,
NSE,D,49312,FUTSTK,0,BEL-Jan2026-FUT,1425,BEL JAN FUT,27-01-2026 14:30,-0.01,XX,5,M,FUT,,
NSE,D,49317,FUTSTK,0,BHARATFORG-Jan2026-FUT,500,BHARATFORG JAN FUT,27-01-2026 14:30,-0.01,XX,10,M,FUT,,
NSE,D,49318,FUTSTK,0,BHARTIARTL-Jan2026-FUT,475,BHARTIARTL JAN FUT,27-01-2026 14:30,-0.01,XX,10,M,FUT,,
NSE,D,49319,FUTSTK,0,BHEL-Jan2026-FUT,2625,BHEL JAN FUT,27-01-2026 14:30,-0.01,XX,5,M,FUT,,
NSE,D,49320,FUTSTK,0,BIOCON-Jan2026-FUT,2500,BIOCON JAN FUT,27-01-2026 14:30,-0.01,XX,5,M,FUT,,
NSE,D,49323,FUTSTK,0,BLUESTARCO-Jan2026-FUT,325,BLUESTARCO JAN FUT,27-01-2026 14:30,-0.01,XX,10,M,FUT,,
NSE,D,49324,FUTSTK,0,BOSCHLTD-Jan2026-FUT,25,BOSCHLTD JAN FUT,27-01-2026 14:30,-0.01,XX,500,M,FUT,,
NSE,D,49325,FUTSTK,0,BPCL-Jan2026-FUT,1975,BPCL JAN FUT,27-01-2026 14:30,-0.01,XX,5,M,FUT,,
NSE,D,49326,FUTSTK,0,BRITANNIA-Jan2026-FUT,125,BRITANNIA JAN FUT,27-01-2026 14:30,-0.01,XX,50,M,FUT,,
NSE,D,49327,FUTSTK,0,BSE-Jan2026-FUT,375,BSE JAN FUT,27-01-2026 14:30,-0.01,XX,10,M,FUT,,
NSE,D,49328,FUTSTK,0,CAMS-Jan2026-FUT,750,CAMS JAN FUT,27-01-2026 14:30,-0.01,XX,5,M,FUT,,
NSE,D,49329,FUTSTK,0,CANBK-Jan2026-FUT,6750,CANBK JAN FUT,27-01-2026 14:30,-0.01,XX,1,M,FUT,,
NSE,D,49330,FUTSTK,0,CDSL-Jan2026-FUT,475,CDSL JAN FUT,27-01-2026 14:30,-0.01,XX,10,M,FUT,,
NSE,D,49331,FUTSTK,0,CGPOWER-Jan2026-FUT,850,CGPOWER JAN FUT,27-01-2026 14:30,-0.01,XX,5,M,FUT,,
NSE,D,49332,FUTSTK,0,CHOLAFIN-Jan2026-FUT,625,CHOLAFIN JAN FUT,27-01-2026 14:30,-0.01,XX,10,M,FUT,,
NSE,D,49335,FUTSTK,0,CIPLA-Jan2026-FUT,375,CIPLA JAN FUT,27-01-2026 14:30,-0.01,XX,10,M,FUT,,
NSE,D,49336,FUTSTK,0,COALINDIA-Jan2026-FUT,1350,COALINDIA JAN FUT,27-01-2026 14:30,-0.01,XX,5,M,FUT,,
NSE,D,49342,FUTSTK,0,COFORGE-Jan2026-FUT,375,COFORGE JAN FUT,27-01-2026 14:30,-0.01,XX,10,M,FUT,,
NSE,D,49343,FUTSTK,0,COLPAL-Jan2026-FUT,225,COLPAL JAN FUT,27-01-2026 14:30,-0.01,XX,10,M,FUT,,
NSE,D,49349,FUTSTK,0,CONCOR-Jan2026-FUT,1250,CONCOR JAN FUT,27-01-2026 14:30,-0.01,XX,5,M,FUT,,
NSE,D,49350,FUTSTK,0,CROMPTON-Jan2026-FUT,1800,CROMPTON JAN FUT,27-01-2026 14:30,-0.01,XX,5,M,FUT,,
NSE,D,49351,FUTSTK,0,CUMMINSIND-Jan2026-FUT,200,CUMMINSIND JAN FUT,27-01-2026 14:30,-0.01,XX,10,M,FUT,,
NSE,D,49352,FUTSTK,0,DABUR-Jan2026-FUT,1250,DABUR JAN FUT,27-01-2026 14:30,-0.01,XX,5,M,FUT,,
NSE,D,49353,FUTSTK,0,DALBHARAT-Jan2026-FUT,325,DALBHARAT JAN FUT,27-01-2026 14:30,-0.01,XX,10,M,FUT,,
NSE,D,49354,FUTSTK,0,DELHIVERY-Jan2026-FUT,2075,DELHIVERY JAN FUT,27-01-2026 14:30,-0.01,XX,5,M,FUT,,
NSE,D,49363,FUTSTK,0,DIVISLAB-Jan2026-FUT,100,DIVISLAB JAN FUT,27-01-2026 14:30,-0.01,XX,50,M,FUT,,
NSE,D,49364,FUTSTK,0,DIXON-Jan2026-FUT,50,DIXON JAN FUT,27-01-2026 14:30,-0.01,XX,100,M,FUT,,
NSE,D,49370,FUTSTK,0,DLF-Jan2026-FUT,825,DLF JAN FUT,27-01-2026 14:30,-0.01,XX,5,M,FUT,,
NSE,D,49372,FUTSTK,0,DMART-Jan2026-FUT,150,DMART JAN FUT,27-01-2026 14:30,-0.01,XX,10,M,FUT,,
NSE,D,49374,FUTSTK,0,DRREDDY-Jan2026-FUT,625,DRREDDY JAN FUT,27-01-2026 14:30,-0.01,XX,10,M,FUT,,
NSE,D,49375,FUTSTK,0,EICHERMOT-Jan2026-FUT,100,EICHERMOT JAN FUT,27-01-2026 14:30,-0.01,XX,50,M,FUT,,
NSE,D,49383,FUTSTK,0,ETERNAL-Jan2026-FUT,2425,ETERNAL JAN FUT,27-01-2026 14:30,-0.01,XX,5,M,FUT,,
NSE,D,49384,FUTSTK,0,EXIDEIND-Jan2026-FUT,1800,EXIDEIND JAN FUT,27-01-2026 14:30,-0.01,XX,5,M,FUT,,
NSE,D,49391,FUTSTK,0,FEDERALBNK-Jan2026-FUT,5000,FEDERALBNK JAN FUT,27-01-2026 14:30,-0.01,XX,5,M,FUT,,
NSE,D,49392,FUTSTK,0,FORTIS-Jan2026-FUT,775,FORTIS JAN FUT,27-01-2026 14:30,-0.01,XX,5,M,FUT,,
NSE,D,49393,FUTSTK,0,GAIL-Jan2026-FUT,3150,GAIL JAN FUT,27-01-2026 14:30,-0.01,XX,1,M,FUT,,
NSE,D,49394,FUTSTK,0,GLENMARK-Jan2026-FUT,375,GLENMARK JAN FUT,27-01-2026 14:30,-0.01,XX,10,M,FUT,,
NSE,D,49395,FUTSTK,0,GMRAIRPORT-Jan2026-FUT,6975,GMRAIRPORT JAN FUT,27-01-2026 14:30,-0.01,XX,1,M,FUT,,
NSE,D,49396,FUTSTK,0,GODREJCP-Jan2026-FUT,500,GODREJCP JAN FUT,27-01-2026 14:30,-0.01,XX,10,M,FUT,,
NSE,D,49397,FUTSTK,0,GODREJPROP-Jan2026-FUT,275,GODREJPROP JAN FUT,27-01-2026 14:30,-0.01,XX,10,M,FUT,,
NSE,D,49398,FUTSTK,0,GRASIM-Jan2026-FUT,250,GRASIM JAN FUT,27-01-2026 14:30,-0.01,XX,10,M,FUT,,
NSE,D,49399,FUTSTK,0,HAL-Jan2026-FUT,150,HAL JAN FUT,27-01-2026 14:30,-0.01,XX,10,M,FUT,,
NSE,D,49400,FUTSTK,0,HAVELLS-Jan2026-FUT,500,HAVELLS JAN FUT,27-01-2026 14:30,-0.01,XX,10,M,FUT,,
NSE,D,49401,FUTSTK,0,HCLTECH-Jan2026-FUT,350,HCLTECH JAN FUT,27-01-2026 14:30,-0.01,XX,10,M,FUT,,
NSE,D,49402,FUTSTK,0,HDFCAMC-Jan2026-FUT,300,HDFCAMC JAN FUT,27-01-2026 14:30,-0.01,XX,10,M,FUT,,
NSE,D,49422,FUTSTK,0,HDFCBANK-Jan2026-FUT,550,HDFCBANK JAN FUT,27-01-2026 14:30,-0.01,XX,5,M,FUT,,
NSE,D,49423,FUTSTK,0,HDFCLIFE-Jan2026-FUT,1100,HDFCLIFE JAN FUT,27-01-2026 14:30,-0.01,XX,5,M,FUT,,
NSE,D,49425,FUTSTK,0,HEROMOTOCO-Jan2026-FUT,150,HEROMOTOCO JAN FUT,27-01-2026 14:30,-0.01,XX,50,M,FUT,,
NSE,D,49426,FUTSTK,0,HINDALCO-Jan2026-FUT,700,HINDALCO JAN FUT,27-01-2026 14:30,-0.01,XX,5,M,FUT,,
NSE,D,49427,FUTSTK,0,HINDPETRO-Jan2026-FUT,2025,HINDPETRO JAN FUT,27-01-2026 14:30,-0.01,XX,5,M,FUT,,
NSE,D,49428,FUTSTK,0,HINDUNILVR-Jan2026-FUT,300,HINDUNILVR JAN FUT,27-01-2026 14:30,-0.01,XX,10,M,FUT,,
NSE,D,49429,FUTSTK,0,HINDZINC-Jan2026-FUT,1225,HINDZINC JAN FUT,27-01-2026 14:30,-0.01,XX,5,M,FUT,,
NSE,D,49430,FUTSTK,0,HUDCO-Jan2026-FUT,2775,HUDCO JAN FUT,27-01-2026 14:30,-0.01,XX,1,M,FUT,,
NSE,D,49431,FUTSTK,0,ICICIBANK-Jan2026-FUT,700,ICICIBANK JAN FUT,27-01-2026 14:30,-0.01,XX,10,M,FUT,,
NSE,D,49432,FUTSTK,0,ICICIGI-Jan2026-FUT,325,ICICIGI JAN FUT,27-01-2026 14:30,-0.01,XX,10,M,FUT,,
NSE,D,49435,FUTSTK,0,ICICIPRULI-Jan2026-FUT,925,ICICIPRULI JAN FUT,27-01-2026 14:30,-0.01,XX,5,M,FUT,,
NSE,D,49436,FUTSTK,0,IDEA-Jan2026-FUT,71475,IDEA JAN FUT,27-01-2026 14:30,-0.01,XX,1,M,FUT,,
NSE,D,49437,FUTSTK,0,IDFCFIRSTB-Jan2026-FUT,9275,IDFCFIRSTB JAN FUT,27-01-2026 14:30,-0.01,XX,1,M,FUT,,
NSE,D,49438,FUTSTK,0,IEX-Jan2026-FUT,3750,IEX JAN FUT,27-01-2026 14:30,-0.01,XX,1,M,FUT,,
NSE,D,49442,FUTSTK,0,IIFL-Jan2026-FUT,1650,IIFL JAN FUT,27-01-2026 14:30,-0.01,XX,5,M,FUT,,
NSE,D,49443,FUTSTK,0,INDHOTEL-Jan2026-FUT,1000,INDHOTEL JAN FUT,27-01-2026 14:30,-0.01,XX,5,M,FUT,,
NSE,D,49447,FUTSTK,0,INDIANB-Jan2026-FUT,1000,INDIANB JAN FUT,27-01-2026 14:30,-0.01,XX,5,M,FUT,,
NSE,D,49448,FUTSTK,0,INDIGO-Jan2026-FUT,150,INDIGO JAN FUT,27-01-2026 14:30,-0.01,XX,50,M,FUT,,
NSE,D,49449,FUTSTK,0,INDUSINDBK-Jan2026-FUT,700,INDUSINDBK JAN FUT,27-01-2026 14:30,-0.01,XX,5,M,FUT,,
NSE,D,49450,FUTSTK,0,INDUSTOWER-Jan2026-FUT,1700,INDUSTOWER JAN FUT,27-01-2026 14:30,-0.01,XX,5,M,FUT,,
NSE,D,49481,FUTSTK,0,INFY-Jan2026-FUT,400,INFY JAN FUT,27-01-2026 14:30,-0.01,XX,10,M,FUT,,
NSE,D,49482,FUTSTK,0,INOXWIND-Jan2026-FUT,3575,INOXWIND JAN FUT,27-01-2026 14:30,-0.01,XX,1,M,FUT,,
NSE,D,49485,FUTSTK,0,IOC-Jan2026-FUT,4875,IOC JAN FUT,27-01-2026 14:30,-0.01,XX,1,M,FUT,,
NSE,D,49486,FUTSTK,0,IRCTC-Jan2026-FUT,875,IRCTC JAN FUT,27-01-2026 14:30,-0.01,XX,5,M,FUT,,
NSE,D,49488,FUTSTK,0,IREDA-Jan2026-FUT,3450,IREDA JAN FUT,27-01-2026 14:30,-0.01,XX,1,M,FUT,,
NSE,D,49492,FUTSTK,0,IRFC-Jan2026-FUT,4250,IRFC JAN FUT,27-01-2026 14:30,-0.01,XX,1,M,FUT,,
NSE,D,49493,FUTSTK,0,ITC-Jan2026-FUT,1600,ITC JAN FUT,27-01-2026 14:30,-0.01,XX,5,M,FUT,,
NSE,D,49494,FUTSTK,0,JINDALSTEL-Jan2026-FUT,625,JINDALSTEL JAN FUT,27-01-2026 14:30,-0.01,XX,10,M,FUT,,
NSE,D,49495,FUTSTK,0,JIOFIN-Jan2026-FUT,2350,JIOFIN JAN FUT,27-01-2026 14:30,-0.01,XX,5,M,FUT,,
NSE,D,49496,FUTSTK,0,JSWENERGY-Jan2026-FUT,1000,JSWENERGY JAN FUT,27-01-2026 14:30,-0.01,XX,5,M,FUT,,
NSE,D,49497,FUTSTK,0,JSWSTEEL-Jan2026-FUT,675,JSWSTEEL JAN FUT,27-01-2026 14:30,-0.01,XX,10,M,FUT,,
NSE,D,49498,FUTSTK,0,JUBLFOOD-Jan2026-FUT,1250,JUBLFOOD JAN FUT,27-01-2026 14:30,-0.01,XX,5,M,FUT,,
NSE,D,49503,FUTSTK,0,KALYANKJIL-Jan2026-FUT,1175,KALYANKJIL JAN FUT,27-01-2026 14:30,-0.01,XX,5,M,FUT,,
NSE,D,49509,FUTSTK,0,KAYNES-Jan2026-FUT,100,KAYNES JAN FUT,27-01-2026 14:30,-0.01,XX,10,M,FUT,,
NSE,D,49510,FUTSTK,0,KEI-Jan2026-FUT,175,KEI JAN FUT,27-01-2026 14:30,-0.01,XX,10,M,FUT,,
NSE,D,49518,FUTSTK,0,KFINTECH-Jan2026-FUT,500,KFINTECH JAN FUT,27-01-2026 14:30,-0.01,XX,10,M,FUT,,
NSE,D,49523,FUTSTK,0,KOTAKBANK-Jan2026-FUT,400,KOTAKBANK JAN FUT,27-01-2026 14:30,-0.01,XX,10,M,FUT,,
NSE,D,49525,FUTSTK,0,KPITTECH-Jan2026-FUT,425,KPITTECH JAN FUT,27-01-2026 14:30,-0.01,XX,10,M,FUT,,
NSE,D,49549,FUTSTK,0,LAURUSLABS-Jan2026-FUT,850,LAURUSLABS JAN FUT,27-01-2026 14:30,-0.01,XX,10,M,FUT,,
NSE,D,49554,FUTSTK,0,LICHSGFIN-Jan2026-FUT,1000,LICHSGFIN JAN FUT,27-01-2026 14:30,-0.01,XX,5,M,FUT,,
NSE,D,49585,FUTSTK,0,LICI-Jan2026-FUT,700,LICI JAN FUT,27-01-2026 14:30,-0.01,XX,5,M,FUT,,
NSE,D,49586,FUTSTK,0,LODHA-Jan2026-FUT,450,LODHA JAN FUT,27-01-2026 14:30,-0.01,XX,10,M,FUT,,
NSE,D,49587,FUTSTK,0,LT-Jan2026-FUT,175,LT JAN FUT,27-01-2026 14:30,-0.01,XX,10,M,FUT,,
NSE,D,49592,FUTSTK,0,LTF-Jan2026-FUT,2250,LTF JAN FUT,27-01-2026 14:30,-0.01,XX,5,M,FUT,,
NSE,D,49599,FUTSTK,0,LTIM-Jan2026-FUT,150,LTIM JAN FUT,27-01-2026 14:30,-0.01,XX,50,M,FUT,,
NSE,D,49600,FUTSTK,0,LUPIN-Jan2026-FUT,425,LUPIN JAN FUT,27-01-2026 14:30,-0.01,XX,10,M,FUT,,
NSE,D,49601,FUTSTK,0,M&M-Jan2026-FUT,200,M&M JAN FUT,27-01-2026 14:30,-0.01,XX,10,M,FUT,,
NSE,D,49603,FUTSTK,0,MANAPPURAM-Jan2026-FUT,3000,MANAPPURAM JAN FUT,27-01-2026 14:30,-0.01,XX,5,M,FUT,,
NSE,D,49604,FUTSTK,0,MANKIND-Jan2026-FUT,225,MANKIND JAN FUT,27-01-2026 14:30,-0.01,XX,10,M,FUT,,
NSE,D,49606,FUTSTK,0,MARICO-Jan2026-FUT,1200,MARICO JAN FUT,27-01-2026 14:30,-0.01,XX,5,M,FUT,,
NSE,D,49607,FUTSTK,0,MARUTI-Jan2026-FUT,50,MARUTI JAN FUT,27-01-2026 14:30,-0.01,XX,100,M,FUT,,
NSE,D,49608,FUTSTK,0,MAXHEALTH-Jan2026-FUT,525,MAXHEALTH JAN FUT,27-01-2026 14:30,-0.01,XX,10,M,FUT,,
NSE,D,49609,FUTSTK,0,MAZDOCK-Jan2026-FUT,200,MAZDOCK JAN FUT,27-01-2026 14:30,-0.01,XX,10,M,FUT,,
NSE,D,49614,FUTSTK,0,MCX-Jan2026-FUT,625,MCX JAN FUT,27-01-2026 14:30,-0.01,XX,100,M,FUT,,
NSE,D,49627,FUTSTK,0,MFSL-Jan2026-FUT,400,MFSL JAN FUT,27-01-2026 14:30,-0.01,XX,10,M,FUT,,
NSE,D,49630,FUTSTK,0,MOTHERSON-Jan2026-FUT,6150,MOTHERSON JAN FUT,27-01-2026 14:30,-0.01,XX,1,M,FUT,,
NSE,D,49635,FUTSTK,0,MPHASIS-Jan2026-FUT,275,MPHASIS JAN FUT,27-01-2026 14:30,-0.01,XX,10,M,FUT,,
NSE,D,49636,FUTSTK,0,MUTHOOTFIN-Jan2026-FUT,275,MUTHOOTFIN JAN FUT,27-01-2026 14:30,-0.01,XX,10,M,FUT,,
NSE,D,49645,FUTSTK,0,NATIONALUM-Jan2026-FUT,3750,NATIONALUM JAN FUT,27-01-2026 14:30,-0.01,XX,5,M,FUT,,
NSE,D,49658,FUTSTK,0,NAUKRI-Jan2026-FUT,375,NAUKRI JAN FUT,27-01-2026 14:30,-0.01,XX,10,M,FUT,,
NSE,D,49677,FUTSTK,0,NBCC-Jan2026-FUT,6500,NBCC JAN FUT,27-01-2026 14:30,-0.01,XX,1,M,FUT,,
NSE,D,49678,FUTSTK,0,NESTLEIND-Jan2026-FUT,500,NESTLEIND JAN FUT,27-01-2026 14:30,-0.01,XX,10,M,FUT,,
NSE,D,49701,FUTSTK,0,NHPC-Jan2026-FUT,6400,NHPC JAN FUT,27-01-2026 14:30,-0.01,XX,1,M,FUT,,
NSE,D,49704,FUTSTK,0,NMDC-Jan2026-FUT,6750,NMDC JAN FUT,27-01-2026 14:30,-0.01,XX,1,M,FUT,,
NSE,D,49727,FUTSTK,0,NTPC-Jan2026-FUT,1500,NTPC JAN FUT,27-01-2026 14:30,-0.01,XX,5,M,FUT,,
NSE,D,49733,FUTSTK,0,NUVAMA-Jan2026-FUT,500,NUVAMA JAN FUT,27-01-2026 14:30,-0.01,XX,10,M,FUT,,
NSE,D,49734,FUTSTK,0,NYKAA-Jan2026-FUT,3125,NYKAA JAN FUT,27-01-2026 14:30,-0.01,XX,5,M,FUT,,
NSE,D,49750,FUTSTK,0,OBEROIRLTY-Jan2026-FUT,350,OBEROIRLTY JAN FUT,27-01-2026 14:30,-0.01,XX,10,M,FUT,,
NSE,D,49797,FUTSTK,0,OFSS-Jan2026-FUT,75,OFSS JAN FUT,27-01-2026 14:30,-0.01,XX,50,M,FUT,,
NSE,D,49798,FUTSTK,0,OIL-Jan2026-FUT,1400,OIL JAN FUT,27-01-2026 14:30,-0.01,XX,5,M,FUT,,
NSE,D,49811,FUTSTK,0,ONGC-Jan2026-FUT,2250,ONGC JAN FUT,27-01-2026 14:30,-0.01,XX,1,M,FUT,,
NSE,D,49815,FUTSTK,0,PAGEIND-Jan2026-FUT,15,PAGEIND JAN FUT,27-01-2026 14:30,-0.01,XX,500,M,FUT,,
NSE,D,49831,FUTSTK,0,PATANJALI-Jan2026-FUT,900,PATANJALI JAN FUT,27-01-2026 14:30,-0.01,XX,5,M,FUT,,
NSE,D,49832,FUTSTK,0,PAYTM-Jan2026-FUT,725,PAYTM JAN FUT,27-01-2026 14:30,-0.01,XX,10,M,FUT,,
NSE,D,49976,FUTSTK,0,PERSISTENT-Jan2026-FUT,100,PERSISTENT JAN FUT,27-01-2026 14:30,-0.01,XX,50,M,FUT,,
NSE,D,49977,FUTSTK,0,PETRONET-Jan2026-FUT,1900,PETRONET JAN FUT,27-01-2026 14:30,-0.01,XX,5,M,FUT,,
NSE,D,49978,FUTSTK,0,PFC-Jan2026-FUT,1300,PFC JAN FUT,27-01-2026 14:30,-0.01,XX,5,M,FUT,,
NSE,D,49979,FUTSTK,0,PGEL-Jan2026-FUT,950,PGEL JAN FUT,27-01-2026 14:30,-0.01,XX,5,M,FUT,,
NSE,D,49980,FUTSTK,0,PHOENIXLTD-Jan2026-FUT,350,PHOENIXLTD JAN FUT,27-01-2026 14:30,-0.01,XX,10,M,FUT,,
NSE,D,49981,FUTSTK,0,PIDILITIND-Jan2026-FUT,500,PIDILITIND JAN FUT,27-01-2026 14:30,-0.01,XX,10,M,FUT,,
NSE,D,49982,FUTSTK,0,PIIND-Jan2026-FUT,175,PIIND JAN FUT,27-01-2026 14:30,-0.01,XX,10,M,FUT,,
NSE,D,49983,FUTSTK,0,PNB-Jan2026-FUT,8000,PNB JAN FUT,27-01-2026 14:30,-0.01,XX,1,M,FUT,,
NSE,D,49984,FUTSTK,0,PNBHOUSING-Jan2026-FUT,650,PNBHOUSING JAN FUT,27-01-2026 14:30,-0.01,XX,5,M,FUT,,
NSE,D,49985,FUTSTK,0,POLICYBZR-Jan2026-FUT,350,POLICYBZR JAN FUT,27-01-2026 14:30,-0.01,XX,10,M,FUT,,
NSE,D,49986,FUTSTK,0,POLYCAB-Jan2026-FUT,125,POLYCAB JAN FUT,27-01-2026 14:30,-0.01,XX,50,M,FUT,,
NSE,D,49987,FUTSTK,0,POWERGRID-Jan2026-FUT,1900,POWERGRID JAN FUT,27-01-2026 14:30,-0.01,XX,5,M,FUT,,
NSE,D,49988,FUTSTK,0,POWERINDIA-Jan2026-FUT,50,POWERINDIA JAN FUT,27-01-2026 14:30,-0.01,XX,100,M,FUT,,
NSE,D,49989,FUTSTK,0,PPLPHARMA-Jan2026-FUT,2625,PPLPHARMA JAN FUT,27-01-2026 14:30,-0.01,XX,1,M,FUT,,
NSE,D,49990,FUTSTK,0,PRESTIGE-Jan2026-FUT,450,PRESTIGE JAN FUT,27-01-2026 14:30,-0.01,XX,10,M,FUT,,
NSE,D,49991,FUTSTK,0,RBLBANK-Jan2026-FUT,3175,RBLBANK JAN FUT,27-01-2026 14:30,-0.01,XX,5,M,FUT,,
NSE,D,49992,FUTSTK,0,RECLTD-Jan2026-FUT,1400,RECLTD JAN FUT,27-01-2026 14:30,-0.01,XX,5,M,FUT,,
NSE,D,49993,FUTSTK,0,RELIANCE-Jan2026-FUT,500,RELIANCE JAN FUT,27-01-2026 14:30,-0.01,XX,10,M,FUT,,
NSE,D,49994,FUTSTK,0,RVNL-Jan2026-FUT,1525,RVNL JAN FUT,27-01-2026 14:30,-0.01,XX,5,M,FUT,,
NSE,D,49995,FUTSTK,0,SAIL-Jan2026-FUT,4700,SAIL JAN FUT,27-01-2026 14:30,-0.01,XX,1,M,FUT,,
NSE,D,49996,FUTSTK,0,SAMMAANCAP-Jan2026-FUT,4300,SAMMAANCAP JAN FUT,27-01-2026 14:30,-0.01,XX,1,M,FUT,,
NSE,D,49997,FUTSTK,0,SBICARD-Jan2026-FUT,800,SBICARD JAN FUT,27-01-2026 14:30,-0.01,XX,5,M,FUT,,
NSE,D,50004,FUTSTK,0,SBILIFE-Jan2026-FUT,375,SBILIFE JAN FUT,27-01-2026 14:30,-0.01,XX,10,M,FUT,,
NSE,D,50005,FUTSTK,0,SBIN-Jan2026-FUT,750,SBIN JAN FUT,27-01-2026 14:30,-0.01,XX,5,M,FUT,,
NSE,D,50011,FUTSTK,0,SHREECEM-Jan2026-FUT,25,SHREECEM JAN FUT,27-01-2026 14:30,-0.01,XX,500,M,FUT,,
NSE,D,50017,FUTSTK,0,SHRIRAMFIN-Jan2026-FUT,825,SHRIRAMFIN JAN FUT,27-01-2026 14:30,-0.01,XX,5,M,FUT,,
NSE,D,50030,FUTSTK,0,SIEMENS-Jan2026-FUT,175,SIEMENS JAN FUT,27-01-2026 14:30,-0.01,XX,10,M,FUT,,
NSE,D,50031,FUTSTK,0,SOLARINDS-Jan2026-FUT,50,SOLARINDS JAN FUT,27-01-2026 14:30,-0.01,XX,100,M,FUT,,
NSE,D,50032,FUTSTK,0,SONACOMS-Jan2026-FUT,1225,SONACOMS JAN FUT,27-01-2026 14:30,-0.01,XX,5,M,FUT,,
NSE,D,50033,FUTSTK,0,SRF-Jan2026-FUT,200,SRF JAN FUT,27-01-2026 14:30,-0.01,XX,10,M,FUT,,
NSE,D,50080,FUTSTK,0,SUNPHARMA-Jan2026-FUT,350,SUNPHARMA JAN FUT,27-01-2026 14:30,-0.01,XX,10,M,FUT,,
NSE,D,50081,FUTSTK,0,SUPREMEIND-Jan2026-FUT,175,SUPREMEIND JAN FUT,27-01-2026 14:30,-0.01,XX,10,M,FUT,,
NSE,D,50131,FUTSTK,0,SUZLON-Jan2026-FUT,9025,SUZLON JAN FUT,27-01-2026 14:30,-0.01,XX,1,M,FUT,,
NSE,D,50133,FUTSTK,0,SYNGENE-Jan2026-FUT,1000,SYNGENE JAN FUT,27-01-2026 14:30,-0.01,XX,5,M,FUT,,
NSE,D,50134,FUTSTK,0,TATACONSUM-Jan2026-FUT,550,TATACONSUM JAN FUT,27-01-2026 14:30,-0.01,XX,10,M,FUT,,
NSE,D,50137,FUTSTK,0,TATAELXSI-Jan2026-FUT,100,TATAELXSI JAN FUT,27-01-2026 14:30,-0.01,XX,50,M,FUT,,
NSE,D,50174,FUTSTK,0,TATAPOWER-Jan2026-FUT,1450,TATAPOWER JAN FUT,27-01-2026 14:30,-0.01,XX,5,M,FUT,,
NSE,D,50175,FUTSTK,0,TATASTEEL-Jan2026-FUT,5500,TATASTEEL JAN FUT,27-01-2026 14:30,-0.01,XX,1,M,FUT,,
NSE,D,50186,FUTSTK,0,TATATECH-Jan2026-FUT,800,TATATECH JAN FUT,27-01-2026 14:30,-0.01,XX,5,M,FUT,,
NSE,D,50187,FUTSTK,0,TCS-Jan2026-FUT,175,TCS JAN FUT,27-01-2026 14:30,-0.01,XX,10,M,FUT,,
NSE,D,50202,FUTSTK,0,TECHM-Jan2026-FUT,600,TECHM JAN FUT,27-01-2026 14:30,-0.01,XX,10,M,FUT,,
NSE,D,50203,FUTSTK,0,TIINDIA-Jan2026-FUT,200,TIINDIA JAN FUT,27-01-2026 14:30,-0.01,XX,10,M,FUT,,
NSE,D,50228,FUTSTK,0,TITAN-Jan2026-FUT,175,TITAN JAN FUT,27-01-2026 14:30,-0.01,XX,10,M,FUT,,
NSE,D,50229,FUTSTK,0,TMPV-Jan2026-FUT,800,TMPV JAN FUT,27-01-2026 14:30,-0.01,XX,5,M,FUT,,
NSE,D,50236,FUTSTK,0,TORNTPHARM-Jan2026-FUT,250,TORNTPHARM JAN FUT,27-01-2026 14:30,-0.01,XX,10,M,FUT,,
NSE,D,50239,FUTSTK,0,TORNTPOWER-Jan2026-FUT,425,TORNTPOWER JAN FUT,27-01-2026 14:30,-0.01,XX,10,M,FUT,,
NSE,D,50246,FUTSTK,0,TRENT-Jan2026-FUT,100,TRENT JAN FUT,27-01-2026 14:30,-0.01,XX,10,M,FUT,,
NSE,D,50247,FUTSTK,0,TVSMOTOR-Jan2026-FUT,175,TVSMOTOR JAN FUT,27-01-2026 14:30,-0.01,XX,10,M,FUT,,
NSE,D,50260,FUTSTK,0,ULTRACEMCO-Jan2026-FUT,50,ULTRACEMCO JAN FUT,27-01-2026 14:30,-0.01,XX,100,M,FUT,,
NSE,D,50261,FUTSTK,0,UNIONBANK-Jan2026-FUT,4425,UNIONBANK JAN FUT,27-01-2026 14:30,-0.01,XX,1,M,FUT,,
NSE,D,50293,FUTSTK,0,UNITDSPR-Jan2026-FUT,400,UNITDSPR JAN FUT,27-01-2026 14:30,-0.01,XX,10,M,FUT,,
NSE,D,50294,FUTSTK,0,UNOMINDA-Jan2026-FUT,550,UNOMINDA JAN FUT,27-01-2026 14:30,-0.01,XX,10,M,FUT,,
NSE,D,50340,FUTSTK,0,UPL-Jan2026-FUT,1355,UPL JAN FUT,27-01-2026 14:30,-0.01,XX,5,M,FUT,,
NSE,D,50341,FUTSTK,0,VBL-Jan2026-FUT,1125,VBL JAN FUT,27-01-2026 14:30,-0.01,XX,5,M,FUT,,
NSE,D,50364,FUTSTK,0,VEDL-Jan2026-FUT,1150,VEDL JAN FUT,27-01-2026 14:30,-0.01,XX,5,M,FUT,,
NSE,D,50365,FUTSTK,0,VOLTAS-Jan2026-FUT,375,VOLTAS JAN FUT,27-01-2026 14:30,-0.01,XX,10,M,FUT,,
NSE,D,50366,FUTSTK,0,WIPRO-Jan2026-FUT,3000,WIPRO JAN FUT,27-01-2026 14:30,-0.01,XX,5,M,FUT,,
NSE,D,50367,FUTSTK,0,YESBANK-Jan2026-FUT,31100,YESBANK JAN FUT,27-01-2026 14:30,-0.01,XX,1,M,FUT,,
NSE,D,50391,FUTSTK,0,ZYDUSLIFE-Jan2026-FUT,900,ZYDUSLIFE JAN FUT,27-01-2026 14:30,-0.01,XX,5,M,FUT,,
NSE,D,51701,FUTIDX,0,BANKNIFTY-Mar2026-FUT,30,BANKNIFTY MAR FUT,30-03-2026 14:30,-0.01,XX,20,M,FUT,,
NSE,D,51712,FUTIDX,0,FINNIFTY-Mar2026-FUT,60,FINNIFTY MAR FUT,30-03-2026 14:30,-0.01,XX,10,M,FUT,,
NSE,D,51713,FUTIDX,0,MIDCPNIFTY-Mar2026-FUT,120,MIDCPNIFTY MAR FUT,30-03-2026 14:30,-0.01,XX,5,M,FUT,,
NSE,D,51714,FUTIDX,0,NIFTY-Mar2026-FUT,65,NIFTY MAR FUT,30-03-2026 14:30,-0.01,XX,10,M,FUT,,
NSE,D,51715,FUTIDX,0,NIFTYNXT50-Mar2026-FUT,25,NIFTYNXT50 MAR FUT,30-03-2026 14:30,-0.01,XX,20,M,FUT,,
NSE,D,51722,FUTSTK,0,360ONE-Mar2026-FUT,500,360ONE MAR FUT,30-03-2026 14:30,-0.01,XX,10,M,FUT,,
NSE,D,51723,FUTSTK,0,ABB-Mar2026-FUT,125,ABB MAR FUT,30-03-2026 14:30,-0.01,XX,50,M,FUT,,
NSE,D,51724,FUTSTK,0,ABCAPITAL-Mar2026-FUT,3100,ABCAPITAL MAR FUT,30-03-2026 14:30,-0.01,XX,5,M,FUT,,
NSE,D,51725,FUTSTK,0,ADANIENSOL-Mar2026-FUT,675,ADANIENSOL MAR FUT,30-03-2026 14:30,-0.01,XX,10,M,FUT,,
NSE,D,51728,FUTSTK,0,ADANIENT-Mar2026-FUT,309,ADANIENT MAR FUT,30-03-2026 14:30,-0.01,XX,10,M,FUT,,
NSE,D,51729,FUTSTK,0,ADANIGREEN-Mar2026-FUT,600,ADANIGREEN MAR FUT,30-03-2026 14:30,-0.01,XX,10,M,FUT,,
NSE,D,51734,FUTSTK,0,ADANIPORTS-Mar2026-FUT,475,ADANIPORTS MAR FUT,30-03-2026 14:30,-0.01,XX,10,M,FUT,,
NSE,D,51735,FUTSTK,0,ALKEM-Mar2026-FUT,125,ALKEM MAR FUT,30-03-2026 14:30,-0.01,XX,50,M,FUT,,
NSE,D,51736,FUTSTK,0,AMBER-Mar2026-FUT,100,AMBER MAR FUT,30-03-2026 14:30,-0.01,XX,50,M,FUT,,
NSE,D,51737,FUTSTK,0,AMBUJACEM-Mar2026-FUT,1050,AMBUJACEM MAR FUT,30-03-2026 14:30,-0.01,XX,5,M,FUT,,
NSE,D,51747,FUTSTK,0,ANGELONE-Mar2026-FUT,250,ANGELONE MAR FUT,30-03-2026 14:30,-0.01,XX,10,M,FUT,,
NSE,D,51748,FUTSTK,0,APLAPOLLO-Mar2026-FUT,350,APLAPOLLO MAR FUT,30-03-2026 14:30,-0.01,XX,10,M,FUT,,
NSE,D,51756,FUTSTK,0,APOLLOHOSP-Mar2026-FUT,125,APOLLOHOSP MAR FUT,30-03-2026 14:30,-0.01,XX,50,M,FUT,,
NSE,D,51757,FUTSTK,0,ASHOKLEY-Mar2026-FUT,5000,ASHOKLEY MAR FUT,30-03-2026 14:30,-0.01,XX,1,M,FUT,,
NSE,D,51773,FUTSTK,0,ASIANPAINT-Mar2026-FUT,250,ASIANPAINT MAR FUT,30-03-2026 14:30,-0.01,XX,10,M,FUT,,
NSE,D,51774,FUTSTK,0,ASTRAL-Mar2026-FUT,425,ASTRAL MAR FUT,30-03-2026 14:30,-0.01,XX,10,M,FUT,,
NSE,D,51795,FUTSTK,0,AUBANK-Mar2026-FUT,1000,AUBANK MAR FUT,30-03-2026 14:30,-0.01,XX,5,M,FUT,,
NSE,D,51796,FUTSTK,0,AUROPHARMA-Mar2026-FUT,550,AUROPHARMA MAR FUT,30-03-2026 14:30,-0.01,XX,10,M,FUT,,
NSE,D,51813,FUTSTK,0,AXISBANK-Mar2026-FUT,625,AXISBANK MAR FUT,30-03-2026 14:30,-0.01,XX,10,M,FUT,,
NSE,D,51814,FUTSTK,0,BAJAJ-AUTO-Mar2026-FUT,75,BAJAJ-AUTO MAR FUT,30-03-2026 14:30,-0.01,XX,50,M,FUT,,
NSE,D,51815,FUTSTK,0,BAJAJFINSV-Mar2026-FUT,250,BAJAJFINSV MAR FUT,30-03-2026 14:30,-0.01,XX,10,M,FUT,,
NSE,D,51816,FUTSTK,0,BAJAJHLDNG-Jan2026-FUT,50,BAJAJHLDNG JAN FUT,27-01-2026 14:30,-0.01,XX,100,M,FUT,,
NSE,D,51817,FUTSTK,0,BAJAJHLDNG-Feb2026-FUT,50,BAJAJHLDNG FEB FUT,24-02-2026 14:30,-0.01,XX,100,M,FUT,,
NSE,D,51818,FUTSTK,0,BAJAJHLDNG-Mar2026-FUT,50,BAJAJHLDNG MAR FUT,30-03-2026 14:30,-0.01,XX,100,M,FUT,,
NSE,D,51819,FUTSTK,0,BAJFINANCE-Mar2026-FUT,750,BAJFINANCE MAR FUT,30-03-2026 14:30,-0.01,XX,5,M,FUT,,
NSE,D,51820,FUTSTK,0,BANDHANBNK-Mar2026-FUT,3600,BANDHANBNK MAR FUT,30-03-2026 14:30,-0.01,XX,1,M,FUT,,
NSE,D,51821,FUTSTK,0,BANKBARODA-Mar2026-FUT,2925,BANKBARODA MAR FUT,30-03-2026 14:30,-0.01,XX,5,M,FUT,,
NSE,D,51822,FUTSTK,0,BANKINDIA-Mar2026-FUT,5200,BANKINDIA MAR FUT,30-03-2026 14:30,-0.01,XX,1,M,FUT,,
NSE,D,51823,FUTSTK,0,BDL-Mar2026-FUT,350,BDL MAR FUT,30-03-2026 14:30,-0.01,XX,10,M,FUT,,
NSE,D,51824,FUTSTK,0,BEL-Mar2026-FUT,1425,BEL MAR FUT,30-03-2026 14:30,-0.01,XX,5,M,FUT,,
NSE,D,51825,FUTSTK,0,BHARATFORG-Mar2026-FUT,500,BHARATFORG MAR FUT,30-03-2026 14:30,-0.01,XX,10,M,FUT,,
NSE,D,51826,FUTSTK,0,BHARTIARTL-Mar2026-FUT,475,BHARTIARTL MAR FUT,30-03-2026 14:30,-0.01,XX,10,M,FUT,,
NSE,D,51827,FUTSTK,0,BHEL-Mar2026-FUT,2625,BHEL MAR FUT,30-03-2026 14:30,-0.01,XX,5,M,FUT,,
NSE,D,51828,FUTSTK,0,BIOCON-Mar2026-FUT,2500,BIOCON MAR FUT,30-03-2026 14:30,-0.01,XX,5,M,FUT,,
NSE,D,51829,FUTSTK,0,BLUESTARCO-Mar2026-FUT,325,BLUESTARCO MAR FUT,30-03-2026 14:30,-0.01,XX,10,M,FUT,,
NSE,D,51830,FUTSTK,0,BOSCHLTD-Mar2026-FUT,25,BOSCHLTD MAR FUT,30-03-2026 14:30,-0.01,XX,500,M,FUT,,
NSE,D,51831,FUTSTK,0,BPCL-Mar2026-FUT,1975,BPCL MAR FUT,30-03-2026 14:30,-0.01,XX,5,M,FUT,,
NSE,D,51832,FUTSTK,0,BRITANNIA-Mar2026-FUT,125,BRITANNIA MAR FUT,30-03-2026 14:30,-0.01,XX,50,M,FUT,,
NSE,D,51835,FUTSTK,0,BSE-Mar2026-FUT,375,BSE MAR FUT,30-03-2026 14:30,-0.01,XX,10,M,FUT,,
NSE,D,51836,FUTSTK,0,CAMS-Mar2026-FUT,750,CAMS MAR FUT,30-03-2026 14:30,-0.01,XX,5,M,FUT,,
NSE,D,51837,FUTSTK,0,CANBK-Mar2026-FUT,6750,CANBK MAR FUT,30-03-2026 14:30,-0.01,XX,1,M,FUT,,
NSE,D,51838,FUTSTK,0,CDSL-Mar2026-FUT,475,CDSL MAR FUT,30-03-2026 14:30,-0.01,XX,10,M,FUT,,
NSE,D,51843,FUTSTK,0,CGPOWER-Mar2026-FUT,850,CGPOWER MAR FUT,30-03-2026 14:30,-0.01,XX,5,M,FUT,,
NSE,D,51844,FUTSTK,0,CHOLAFIN-Mar2026-FUT,625,CHOLAFIN MAR FUT,30-03-2026 14:30,-0.01,XX,10,M,FUT,,
NSE,D,51847,FUTSTK,0,CIPLA-Mar2026-FUT,375,CIPLA MAR FUT,30-03-2026 14:30,-0.01,XX,10,M,FUT,,
NSE,D,51848,FUTSTK,0,COALINDIA-Mar2026-FUT,1350,COALINDIA MAR FUT,30-03-2026 14:30,-0.01,XX,5,M,FUT,,
NSE,D,51849,FUTSTK,0,COFORGE-Mar2026-FUT,375,COFORGE MAR FUT,30-03-2026 14:30,-0.01,XX,10,M,FUT,,
NSE,D,51850,FUTSTK,0,COLPAL-Mar2026-FUT,225,COLPAL MAR FUT,30-03-2026 14:30,-0.01,XX,10,M,FUT,,
NSE,D,51852,FUTSTK,0,CONCOR-Mar2026-FUT,1250,CONCOR MAR FUT,30-03-2026 14:30,-0.01,XX,5,M,FUT,,
NSE,D,51853,FUTSTK,0,CROMPTON-Mar2026-FUT,1800,CROMPTON MAR FUT,30-03-2026 14:30,-0.01,XX,5,M,FUT,,
NSE,D,51859,FUTSTK,0,CUMMINSIND-Mar2026-FUT,200,CUMMINSIND MAR FUT,30-03-2026 14:30,-0.01,XX,10,M,FUT,,
NSE,D,51860,FUTSTK,0,DABUR-Mar2026-FUT,1250,DABUR MAR FUT,30-03-2026 14:30,-0.01,XX,5,M,FUT,,
NSE,D,51861,FUTSTK,0,DALBHARAT-Mar2026-FUT,325,DALBHARAT MAR FUT,30-03-2026 14:30,-0.01,XX,10,M,FUT,,
NSE,D,51862,FUTSTK,0,DELHIVERY-Mar2026-FUT,2075,DELHIVERY MAR FUT,30-03-2026 14:30,-0.01,XX,5,M,FUT,,
NSE,D,51865,FUTSTK,0,DIVISLAB-Mar2026-FUT,100,DIVISLAB MAR FUT,30-03-2026 14:30,-0.01,XX,50,M,FUT,,
NSE,D,51866,FUTSTK,0,DIXON-Mar2026-FUT,50,DIXON MAR FUT,30-03-2026 14:30,-0.01,XX,100,M,FUT,,
NSE,D,51871,FUTSTK,0,DLF-Mar2026-FUT,825,DLF MAR FUT,30-03-2026 14:30,-0.01,XX,5,M,FUT,,
NSE,D,51872,FUTSTK,0,DMART-Mar2026-FUT,150,DMART MAR FUT,30-03-2026 14:30,-0.01,XX,10,M,FUT,,
NSE,D,51873,FUTSTK,0,DRREDDY-Mar2026-FUT,625,DRREDDY MAR FUT,30-03-2026 14:30,-0.01,XX,10,M,FUT,,
NSE,D,51874,FUTSTK,0,EICHERMOT-Mar2026-FUT,100,EICHERMOT MAR FUT,30-03-2026 14:30,-0.01,XX,50,M,FUT,,
NSE,D,51875,FUTSTK,0,ETERNAL-Mar2026-FUT,2425,ETERNAL MAR FUT,30-03-2026 14:30,-0.01,XX,5,M,FUT,,
NSE,D,51876,FUTSTK,0,EXIDEIND-Mar2026-FUT,1800,EXIDEIND MAR FUT,30-03-2026 14:30,-0.01,XX,5,M,FUT,,
NSE,D,51877,FUTSTK,0,FEDERALBNK-Mar2026-FUT,5000,FEDERALBNK MAR FUT,30-03-2026 14:30,-0.01,XX,5,M,FUT,,
NSE,D,51878,FUTSTK,0,FORTIS-Mar2026-FUT,775,FORTIS MAR FUT,30-03-2026 14:30,-0.01,XX,5,M,FUT,,
NSE,D,51879,FUTSTK,0,GAIL-Mar2026-FUT,3150,GAIL MAR FUT,30-03-2026 14:30,-0.01,XX,1,M,FUT,,
NSE,D,51880,FUTSTK,0,GLENMARK-Mar2026-FUT,375,GLENMARK MAR FUT,30-03-2026 14:30,-0.01,XX,10,M,FUT,,
NSE,D,51881,FUTSTK,0,GMRAIRPORT-Mar2026-FUT,6975,GMRAIRPORT MAR FUT,30-03-2026 14:30,-0.01,XX,1,M,FUT,,
NSE,D,51882,FUTSTK,0,GODREJCP-Mar2026-FUT,500,GODREJCP MAR FUT,30-03-2026 14:30,-0.01,XX,10,M,FUT,,
NSE,D,51883,FUTSTK,0,GODREJPROP-Mar2026-FUT,275,GODREJPROP MAR FUT,30-03-2026 14:30,-0.01,XX,10,M,FUT,,
NSE,D,51884,FUTSTK,0,GRASIM-Mar2026-FUT,250,GRASIM MAR FUT,30-03-2026 14:30,-0.01,XX,10,M,FUT,,
NSE,D,51885,FUTSTK,0,HAL-Mar2026-FUT,150,HAL MAR FUT,30-03-2026 14:30,-0.01,XX,10,M,FUT,,
NSE,D,51886,FUTSTK,0,HAVELLS-Mar2026-FUT,500,HAVELLS MAR FUT,30-03-2026 14:30,-0.01,XX,10,M,FUT,,
NSE,D,51891,FUTSTK,0,HCLTECH-Mar2026-FUT,350,HCLTECH MAR FUT,30-03-2026 14:30,-0.01,XX,10,M,FUT,,
NSE,D,51892,FUTSTK,0,HDFCAMC-Mar2026-FUT,300,HDFCAMC MAR FUT,30-03-2026 14:30,-0.01,XX,10,M,FUT,,
NSE,D,51893,FUTSTK,0,HDFCBANK-Mar2026-FUT,550,HDFCBANK MAR FUT,30-03-2026 14:30,-0.01,XX,5,M,FUT,,
NSE,D,51894,FUTSTK,0,HDFCLIFE-Mar2026-FUT,1100,HDFCLIFE MAR FUT,30-03-2026 14:30,-0.01,XX,5,M,FUT,,
NSE,D,51899,FUTSTK,0,HEROMOTOCO-Mar2026-FUT,150,HEROMOTOCO MAR FUT,30-03-2026 14:30,-0.01,XX,50,M,FUT,,
NSE,D,51900,FUTSTK,0,HINDALCO-Mar2026-FUT,700,HINDALCO MAR FUT,30-03-2026 14:30,-0.01,XX,5,M,FUT,,
NSE,D,51901,FUTSTK,0,HINDPETRO-Mar2026-FUT,2025,HINDPETRO MAR FUT,30-03-2026 14:30,-0.01,XX,5,M,FUT,,
NSE,D,51902,FUTSTK,0,HINDUNILVR-Mar2026-FUT,300,HINDUNILVR MAR FUT,30-03-2026 14:30,-0.01,XX,10,M,FUT,,
NSE,D,51903,FUTSTK,0,HINDZINC-Mar2026-FUT,1225,HINDZINC MAR FUT,30-03-2026 14:30,-0.01,XX,5,M,FUT,,
NSE,D,51904,FUTSTK,0,HUDCO-Mar2026-FUT,2775,HUDCO MAR FUT,30-03-2026 14:30,-0.01,XX,1,M,FUT,,
NSE,D,51909,FUTSTK,0,ICICIBANK-Mar2026-FUT,700,ICICIBANK MAR FUT,30-03-2026 14:30,-0.01,XX,10,M,FUT,,
NSE,D,51910,FUTSTK,0,ICICIGI-Mar2026-FUT,325,ICICIGI MAR FUT,30-03-2026 14:30,-0.01,XX,10,M,FUT,,
NSE,D,51912,FUTSTK,0,ICICIPRULI-Mar2026-FUT,925,ICICIPRULI MAR FUT,30-03-2026 14:30,-0.01,XX,5,M,FUT,,
NSE,D,51913,FUTSTK,0,IDEA-Mar2026-FUT,71475,IDEA MAR FUT,30-03-2026 14:30,-0.01,XX,1,M,FUT,,
NSE,D,51917,FUTSTK,0,IDFCFIRSTB-Mar2026-FUT,9275,IDFCFIRSTB MAR FUT,30-03-2026 14:30,-0.01,XX,1,M,FUT,,
NSE,D,51918,FUTSTK,0,IEX-Mar2026-FUT,3750,IEX MAR FUT,30-03-2026 14:30,-0.01,XX,1,M,FUT,,
NSE,D,51919,FUTSTK,0,INDHOTEL-Mar2026-FUT,1000,INDHOTEL MAR FUT,30-03-2026 14:30,-0.01,XX,5,M,FUT,,
NSE,D,51920,FUTSTK,0,INDIANB-Mar2026-FUT,1000,INDIANB MAR FUT,30-03-2026 14:30,-0.01,XX,5,M,FUT,,
NSE,D,51922,FUTSTK,0,INDIGO-Mar2026-FUT,150,INDIGO MAR FUT,30-03-2026 14:30,-0.01,XX,50,M,FUT,,
NSE,D,51923,FUTSTK,0,INDUSINDBK-Mar2026-FUT,700,INDUSINDBK MAR FUT,30-03-2026 14:30,-0.01,XX,5,M,FUT,,
NSE,D,51928,FUTSTK,0,INDUSTOWER-Mar2026-FUT,1700,INDUSTOWER MAR FUT,30-03-2026 14:30,-0.01,XX,5,M,FUT,,
NSE,D,51929,FUTSTK,0,INFY-Mar2026-FUT,400,INFY MAR FUT,30-03-2026 14:30,-0.01,XX,10,M,FUT,,
NSE,D,51933,FUTSTK,0,INOXWIND-Mar2026-FUT,3575,INOXWIND MAR FUT,30-03-2026 14:30,-0.01,XX,1,M,FUT,,
NSE,D,51934,FUTSTK,0,IOC-Mar2026-FUT,4875,IOC MAR FUT,30-03-2026 14:30,-0.01,XX,1,M,FUT,,
NSE,D,51935,FUTSTK,0,IREDA-Mar2026-FUT,3450,IREDA MAR FUT,30-03-2026 14:30,-0.01,XX,1,M,FUT,,
NSE,D,51936,FUTSTK,0,IRFC-Mar2026-FUT,4250,IRFC MAR FUT,30-03-2026 14:30,-0.01,XX,1,M,FUT,,
NSE,D,51939,FUTSTK,0,ITC-Mar2026-FUT,1600,ITC MAR FUT,30-03-2026 14:30,-0.01,XX,5,M,FUT,,
NSE,D,51940,FUTSTK,0,JINDALSTEL-Mar2026-FUT,625,JINDALSTEL MAR FUT,30-03-2026 14:30,-0.01,XX,10,M,FUT,,
NSE,D,51947,FUTSTK,0,JIOFIN-Mar2026-FUT,2350,JIOFIN MAR FUT,30-03-2026 14:30,-0.01,XX,5,M,FUT,,
NSE,D,51948,FUTSTK,0,JSWENERGY-Mar2026-FUT,1000,JSWENERGY MAR FUT,30-03-2026 14:30,-0.01,XX,5,M,FUT,,
NSE,D,51949,FUTSTK,0,JSWSTEEL-Mar2026-FUT,675,JSWSTEEL MAR FUT,30-03-2026 14:30,-0.01,XX,10,M,FUT,,
NSE,D,51950,FUTSTK,0,JUBLFOOD-Mar2026-FUT,1250,JUBLFOOD MAR FUT,30-03-2026 14:30,-0.01,XX,5,M,FUT,,
NSE,D,51951,FUTSTK,0,KALYANKJIL-Mar2026-FUT,1175,KALYANKJIL MAR FUT,30-03-2026 14:30,-0.01,XX,5,M,FUT,,
NSE,D,51952,FUTSTK,0,KAYNES-Mar2026-FUT,100,KAYNES MAR FUT,30-03-2026 14:30,-0.01,XX,10,M,FUT,,
NSE,D,51953,FUTSTK,0,KEI-Mar2026-FUT,175,KEI MAR FUT,30-03-2026 14:30,-0.01,XX,10,M,FUT,,
NSE,D,51954,FUTSTK,0,KFINTECH-Mar2026-FUT,500,KFINTECH MAR FUT,30-03-2026 14:30,-0.01,XX,10,M,FUT,,
NSE,D,51957,FUTSTK,0,KOTAKBANK-Mar2026-FUT,400,KOTAKBANK MAR FUT,30-03-2026 14:30,-0.01,XX,10,M,FUT,,
NSE,D,51958,FUTSTK,0,KPITTECH-Mar2026-FUT,425,KPITTECH MAR FUT,30-03-2026 14:30,-0.01,XX,10,M,FUT,,
NSE,D,51961,FUTSTK,0,LAURUSLABS-Mar2026-FUT,850,LAURUSLABS MAR FUT,30-03-2026 14:30,-0.01,XX,10,M,FUT,,
NSE,D,51962,FUTSTK,0,LICHSGFIN-Mar2026-FUT,1000,LICHSGFIN MAR FUT,30-03-2026 14:30,-0.01,XX,5,M,FUT,,
NSE,D,51963,FUTSTK,0,LICI-Mar2026-FUT,700,LICI MAR FUT,30-03-2026 14:30,-0.01,XX,5,M,FUT,,
NSE,D,51964,FUTSTK,0,LODHA-Mar2026-FUT,450,LODHA MAR FUT,30-03-2026 14:30,-0.01,XX,10,M,FUT,,
NSE,D,51966,FUTSTK,0,LT-Mar2026-FUT,175,LT MAR FUT,30-03-2026 14:30,-0.01,XX,10,M,FUT,,
NSE,D,51967,FUTSTK,0,LTF-Mar2026-FUT,2250,LTF MAR FUT,30-03-2026 14:30,-0.01,XX,5,M,FUT,,
NSE,D,51968,FUTSTK,0,LTIM-Mar2026-FUT,150,LTIM MAR FUT,30-03-2026 14:30,-0.01,XX,50,M,FUT,,
NSE,D,51969,FUTSTK,0,LUPIN-Mar2026-FUT,425,LUPIN MAR FUT,30-03-2026 14:30,-0.01,XX,10,M,FUT,,
NSE,D,51971,FUTSTK,0,M&M-Mar2026-FUT,200,M&M MAR FUT,30-03-2026 14:30,-0.01,XX,10,M,FUT,,
NSE,D,51972,FUTSTK,0,MANAPPURAM-Mar2026-FUT,3000,MANAPPURAM MAR FUT,30-03-2026 14:30,-0.01,XX,5,M,FUT,,
NSE,D,51973,FUTSTK,0,MANKIND-Mar2026-FUT,225,MANKIND MAR FUT,30-03-2026 14:30,-0.01,XX,10,M,FUT,,
NSE,D,51974,FUTSTK,0,MARICO-Mar2026-FUT,1200,MARICO MAR FUT,30-03-2026 14:30,-0.01,XX,5,M,FUT,,
NSE,D,51975,FUTSTK,0,MARUTI-Mar2026-FUT,50,MARUTI MAR FUT,30-03-2026 14:30,-0.01,XX,100,M,FUT,,
NSE,D,51976,FUTSTK,0,MAXHEALTH-Mar2026-FUT,525,MAXHEALTH MAR FUT,30-03-2026 14:30,-0.01,XX,10,M,FUT,,
NSE,D,51977,FUTSTK,0,MAZDOCK-Mar2026-FUT,200,MAZDOCK MAR FUT,30-03-2026 14:30,-0.01,XX,10,M,FUT,,
NSE,D,51978,FUTSTK,0,MCX-Mar2026-FUT,625,MCX MAR FUT,30-03-2026 14:30,-0.01,XX,100,M,FUT,,
NSE,D,51979,FUTSTK,0,MFSL-Mar2026-FUT,400,MFSL MAR FUT,30-03-2026 14:30,-0.01,XX,10,M,FUT,,
NSE,D,51980,FUTSTK,0,MOTHERSON-Mar2026-FUT,6150,MOTHERSON MAR FUT,30-03-2026 14:30,-0.01,XX,1,M,FUT,,
NSE,D,51981,FUTSTK,0,MPHASIS-Mar2026-FUT,275,MPHASIS MAR FUT,30-03-2026 14:30,-0.01,XX,10,M,FUT,,
NSE,D,51982,FUTSTK,0,MUTHOOTFIN-Mar2026-FUT,275,MUTHOOTFIN MAR FUT,30-03-2026 14:30,-0.01,XX,10,M,FUT,,
NSE,D,51983,FUTSTK,0,NATIONALUM-Mar2026-FUT,3750,NATIONALUM MAR FUT,30-03-2026 14:30,-0.01,XX,5,M,FUT,,
NSE,D,51984,FUTSTK,0,NAUKRI-Mar2026-FUT,375,NAUKRI MAR FUT,30-03-2026 14:30,-0.01,XX,10,M,FUT,,
NSE,D,51985,FUTSTK,0,NBCC-Mar2026-FUT,6500,NBCC MAR FUT,30-03-2026 14:30,-0.01,XX,1,M,FUT,,
NSE,D,51986,FUTSTK,0,NESTLEIND-Mar2026-FUT,500,NESTLEIND MAR FUT,30-03-2026 14:30,-0.01,XX,10,M,FUT,,
NSE,D,51987,FUTSTK,0,NHPC-Mar2026-FUT,6400,NHPC MAR FUT,30-03-2026 14:30,-0.01,XX,1,M,FUT,,
NSE,D,51988,FUTSTK,0,NMDC-Mar2026-FUT,6750,NMDC MAR FUT,30-03-2026 14:30,-0.01,XX,1,M,FUT,,
NSE,D,51989,FUTSTK,0,NTPC-Mar2026-FUT,1500,NTPC MAR FUT,30-03-2026 14:30,-0.01,XX,5,M,FUT,,
NSE,D,51990,FUTSTK,0,NUVAMA-Mar2026-FUT,500,NUVAMA MAR FUT,30-03-2026 14:30,-0.01,XX,10,M,FUT,,
NSE,D,51993,FUTSTK,0,NYKAA-Mar2026-FUT,3125,NYKAA MAR FUT,30-03-2026 14:30,-0.01,XX,5,M,FUT,,
NSE,D,51994,FUTSTK,0,OBEROIRLTY-Mar2026-FUT,350,OBEROIRLTY MAR FUT,30-03-2026 14:30,-0.01,XX,10,M,FUT,,
NSE,D,51995,FUTSTK,0,OFSS-Mar2026-FUT,75,OFSS MAR FUT,30-03-2026 14:30,-0.01,XX,50,M,FUT,,
NSE,D,51996,FUTSTK,0,OIL-Mar2026-FUT,1400,OIL MAR FUT,30-03-2026 14:30,-0.01,XX,5,M,FUT,,
NSE,D,51997,FUTSTK,0,ONGC-Mar2026-FUT,2250,ONGC MAR FUT,30-03-2026 14:30,-0.01,XX,1,M,FUT,,
NSE,D,51998,FUTSTK,0,PAGEIND-Mar2026-FUT,15,PAGEIND MAR FUT,30-03-2026 14:30,-0.01,XX,500,M,FUT,,
NSE,D,51999,FUTSTK,0,PATANJALI-Mar2026-FUT,900,PATANJALI MAR FUT,30-03-2026 14:30,-0.01,XX,5,M,FUT,,
NSE,D,52000,FUTSTK,0,PAYTM-Mar2026-FUT,725,PAYTM MAR FUT,30-03-2026 14:30,-0.01,XX,10,M,FUT,,
NSE,D,52001,FUTSTK,0,PERSISTENT-Mar2026-FUT,100,PERSISTENT MAR FUT,30-03-2026 14:30,-0.01,XX,50,M,FUT,,
NSE,D,52002,FUTSTK,0,PETRONET-Mar2026-FUT,1900,PETRONET MAR FUT,30-03-2026 14:30,-0.01,XX,5,M,FUT,,
NSE,D,52003,FUTSTK,0,PFC-Mar2026-FUT,1300,PFC MAR FUT,30-03-2026 14:30,-0.01,XX,5,M,FUT,,
NSE,D,52004,FUTSTK,0,PGEL-Mar2026-FUT,950,PGEL MAR FUT,30-03-2026 14:30,-0.01,XX,5,M,FUT,,
NSE,D,52005,FUTSTK,0,PHOENIXLTD-Mar2026-FUT,350,PHOENIXLTD MAR FUT,30-03-2026 14:30,-0.01,XX,10,M,FUT,,
NSE,D,52006,FUTSTK,0,PIDILITIND-Mar2026-FUT,500,PIDILITIND MAR FUT,30-03-2026 14:30,-0.01,XX,10,M,FUT,,
NSE,D,52007,FUTSTK,0,PIIND-Mar2026-FUT,175,PIIND MAR FUT,30-03-2026 14:30,-0.01,XX,10,M,FUT,,
NSE,D,52008,FUTSTK,0,PNB-Mar2026-FUT,8000,PNB MAR FUT,30-03-2026 14:30,-0.01,XX,1,M,FUT,,
NSE,D,52010,FUTSTK,0,PNBHOUSING-Mar2026-FUT,650,PNBHOUSING MAR FUT,30-03-2026 14:30,-0.01,XX,5,M,FUT,,
NSE,D,52011,FUTSTK,0,POLICYBZR-Mar2026-FUT,350,POLICYBZR MAR FUT,30-03-2026 14:30,-0.01,XX,10,M,FUT,,
NSE,D,52012,FUTSTK,0,POLYCAB-Mar2026-FUT,125,POLYCAB MAR FUT,30-03-2026 14:30,-0.01,XX,50,M,FUT,,
NSE,D,52013,FUTSTK,0,POWERGRID-Mar2026-FUT,1900,POWERGRID MAR FUT,30-03-2026 14:30,-0.01,XX,5,M,FUT,,
NSE,D,52014,FUTSTK,0,POWERINDIA-Mar2026-FUT,50,POWERINDIA MAR FUT,30-03-2026 14:30,-0.01,XX,100,M,FUT,,
NSE,D,52015,FUTSTK,0,PPLPHARMA-Mar2026-FUT,2625,PPLPHARMA MAR FUT,30-03-2026 14:30,-0.01,XX,1,M,FUT,,
NSE,D,52016,FUTSTK,0,PREMIERENE-Jan2026-FUT,575,PREMIERENE JAN FUT,27-01-2026 14:30,-0.01,XX,5,M,FUT,,
NSE,D,52017,FUTSTK,0,PREMIERENE-Feb2026-FUT,575,PREMIERENE FEB FUT,24-02-2026 14:30,-0.01,XX,5,M,FUT,,
NSE,D,52018,FUTSTK,0,PREMIERENE-Mar2026-FUT,575,PREMIERENE MAR FUT,30-03-2026 14:30,-0.01,XX,5,M,FUT,,
NSE,D,52019,FUTSTK,0,PRESTIGE-Mar2026-FUT,450,PRESTIGE MAR FUT,30-03-2026 14:30,-0.01,XX,10,M,FUT,,
NSE,D,52020,FUTSTK,0,RBLBANK-Mar2026-FUT,3175,RBLBANK MAR FUT,30-03-2026 14:30,-0.01,XX,5,M,FUT,,
NSE,D,52021,FUTSTK,0,RECLTD-Mar2026-FUT,1400,RECLTD MAR FUT,30-03-2026 14:30,-0.01,XX,5,M,FUT,,
NSE,D,52023,FUTSTK,0,RELIANCE-Mar2026-FUT,500,RELIANCE MAR FUT,30-03-2026 14:30,-0.01,XX,10,M,FUT,,
NSE,D,52024,FUTSTK,0,RVNL-Mar2026-FUT,1525,RVNL MAR FUT,30-03-2026 14:30,-0.01,XX,5,M,FUT,,
NSE,D,52026,FUTSTK,0,SAIL-Mar2026-FUT,4700,SAIL MAR FUT,30-03-2026 14:30,-0.01,XX,1,M,FUT,,
NSE,D,52027,FUTSTK,0,SAMMAANCAP-Mar2026-FUT,4300,SAMMAANCAP MAR FUT,30-03-2026 14:30,-0.01,XX,1,M,FUT,,
NSE,D,52028,FUTSTK,0,SBICARD-Mar2026-FUT,800,SBICARD MAR FUT,30-03-2026 14:30,-0.01,XX,5,M,FUT,,
NSE,D,52029,FUTSTK,0,SBILIFE-Mar2026-FUT,375,SBILIFE MAR FUT,30-03-2026 14:30,-0.01,XX,10,M,FUT,,
NSE,D,52030,FUTSTK,0,SBIN-Mar2026-FUT,750,SBIN MAR FUT,30-03-2026 14:30,-0.01,XX,5,M,FUT,,
NSE,D,52031,FUTSTK,0,SHREECEM-Mar2026-FUT,25,SHREECEM MAR FUT,30-03-2026 14:30,-0.01,XX,500,M,FUT,,
NSE,D,52033,FUTSTK,0,SHRIRAMFIN-Mar2026-FUT,825,SHRIRAMFIN MAR FUT,30-03-2026 14:30,-0.01,XX,5,M,FUT,,
NSE,D,52034,FUTSTK,0,SIEMENS-Mar2026-FUT,175,SIEMENS MAR FUT,30-03-2026 14:30,-0.01,XX,10,M,FUT,,
NSE,D,52035,FUTSTK,0,SOLARINDS-Mar2026-FUT,50,SOLARINDS MAR FUT,30-03-2026 14:30,-0.01,XX,100,M,FUT,,
NSE,D,52036,FUTSTK,0,SONACOMS-Mar2026-FUT,1225,SONACOMS MAR FUT,30-03-2026 14:30,-0.01,XX,5,M,FUT,,
NSE,D,52037,FUTSTK,0,SRF-Mar2026-FUT,200,SRF MAR FUT,30-03-2026 14:30,-0.01,XX,10,M,FUT,,
NSE,D,52038,FUTSTK,0,SUNPHARMA-Mar2026-FUT,350,SUNPHARMA MAR FUT,30-03-2026 14:30,-0.01,XX,10,M,FUT,,
NSE,D,52039,FUTSTK,0,SUPREMEIND-Mar2026-FUT,175,SUPREMEIND MAR FUT,30-03-2026 14:30,-0.01,XX,10,M,FUT,,
NSE,D,52040,FUTSTK,0,SUZLON-Mar2026-FUT,9025,SUZLON MAR FUT,30-03-2026 14:30,-0.01,XX,1,M,FUT,,
NSE,D,52044,FUTSTK,0,SWIGGY-Jan2026-FUT,1300,SWIGGY JAN FUT,27-01-2026 14:30,-0.01,XX,5,M,FUT,,
NSE,D,52045,FUTSTK,0,SWIGGY-Feb2026-FUT,1300,SWIGGY FEB FUT,24-02-2026 14:30,-0.01,XX,5,M,FUT,,
NSE,D,52046,FUTSTK,0,SWIGGY-Mar2026-FUT,1300,SWIGGY MAR FUT,30-03-2026 14:30,-0.01,XX,5,M,FUT,,
NSE,D,52047,FUTSTK,0,SYNGENE-Mar2026-FUT,1000,SYNGENE MAR FUT,30-03-2026 14:30,-0.01,XX,5,M,FUT,,
NSE,D,52049,FUTSTK,0,TATACONSUM-Mar2026-FUT,550,TATACONSUM MAR FUT,30-03-2026 14:30,-0.01,XX,10,M,FUT,,
NSE,D,52050,FUTSTK,0,TATAELXSI-Mar2026-FUT,100,TATAELXSI MAR FUT,30-03-2026 14:30,-0.01,XX,50,M,FUT,,
NSE,D,52051,FUTSTK,0,TATAPOWER-Mar2026-FUT,1450,TATAPOWER MAR FUT,30-03-2026 14:30,-0.01,XX,5,M,FUT,,
NSE,D,52052,FUTSTK,0,TATASTEEL-Mar2026-FUT,5500,TATASTEEL MAR FUT,30-03-2026 14:30,-0.01,XX,1,M,FUT,,
NSE,D,52053,FUTSTK,0,TATATECH-Mar2026-FUT,800,TATATECH MAR FUT,30-03-2026 14:30,-0.01,XX,5,M,FUT,,
NSE,D,52054,FUTSTK,0,TCS-Mar2026-FUT,175,TCS MAR FUT,30-03-2026 14:30,-0.01,XX,10,M,FUT,,
NSE,D,52055,FUTSTK,0,TECHM-Mar2026-FUT,600,TECHM MAR FUT,30-03-2026 14:30,-0.01,XX,10,M,FUT,,
NSE,D,52056,FUTSTK,0,TIINDIA-Mar2026-FUT,200,TIINDIA MAR FUT,30-03-2026 14:30,-0.01,XX,10,M,FUT,,
NSE,D,52057,FUTSTK,0,TITAN-Mar2026-FUT,175,TITAN MAR FUT,30-03-2026 14:30,-0.01,XX,10,M,FUT,,
NSE,D,52058,FUTSTK,0,TMPV-Mar2026-FUT,800,TMPV MAR FUT,30-03-2026 14:30,-0.01,XX,5,M,FUT,,
NSE,D,52059,FUTSTK,0,TORNTPHARM-Mar2026-FUT,250,TORNTPHARM MAR FUT,30-03-2026 14:30,-0.01,XX,10,M,FUT,,
NSE,D,52060,FUTSTK,0,TORNTPOWER-Mar2026-FUT,425,TORNTPOWER MAR FUT,30-03-2026 14:30,-0.01,XX,10,M,FUT,,
NSE,D,52061,FUTSTK,0,TRENT-Mar2026-FUT,100,TRENT MAR FUT,30-03-2026 14:30,-0.01,XX,10,M,FUT,,
NSE,D,52062,FUTSTK,0,TVSMOTOR-Mar2026-FUT,175,TVSMOTOR MAR FUT,30-03-2026 14:30,-0.01,XX,10,M,FUT,,
NSE,D,52063,FUTSTK,0,ULTRACEMCO-Mar2026-FUT,50,ULTRACEMCO MAR FUT,30-03-2026 14:30,-0.01,XX,100,M,FUT,,
NSE,D,52064,FUTSTK,0,UNIONBANK-Mar2026-FUT,4425,UNIONBANK MAR FUT,30-03-2026 14:30,-0.01,XX,1,M,FUT,,
NSE,D,52065,FUTSTK,0,UNITDSPR-Mar2026-FUT,400,UNITDSPR MAR FUT,30-03-2026 14:30,-0.01,XX,10,M,FUT,,
NSE,D,52066,FUTSTK,0,UNOMINDA-Mar2026-FUT,550,UNOMINDA MAR FUT,30-03-2026 14:30,-0.01,XX,10,M,FUT,,
NSE,D,52067,FUTSTK,0,UPL-Mar2026-FUT,1355,UPL MAR FUT,30-03-2026 14:30,-0.01,XX,5,M,FUT,,
NSE,D,52068,FUTSTK,0,VBL-Mar2026-FUT,1125,VBL MAR FUT,30-03-2026 14:30,-0.01,XX,5,M,FUT,,
NSE,D,52069,FUTSTK,0,VEDL-Mar2026-FUT,1150,VEDL MAR FUT,30-03-2026 14:30,-0.01,XX,5,M,FUT,,
NSE,D,52070,FUTSTK,0,VOLTAS-Mar2026-FUT,375,VOLTAS MAR FUT,30-03-2026 14:30,-0.01,XX,10,M,FUT,,
NSE,D,52071,FUTSTK,0,WAAREEENER-Jan2026-FUT,175,WAAREEENER JAN FUT,27-01-2026 14:30,-0.01,XX,10,M,FUT,,
NSE,D,52072,FUTSTK,0,WAAREEENER-Feb2026-FUT,175,WAAREEENER FEB FUT,24-02-2026 14:30,-0.01,XX,10,M,FUT,,
NSE,D,52073,FUTSTK,0,WAAREEENER-Mar2026-FUT,175,WAAREEENER MAR FUT,30-03-2026 14:30,-0.01,XX,10,M,FUT,,
NSE,D,52074,FUTSTK,0,WIPRO-Mar2026-FUT,3000,WIPRO MAR FUT,30-03-2026 14:30,-0.01,XX,5,M,FUT,,
NSE,D,52089,FUTSTK,0,YESBANK-Mar2026-FUT,31100,YESBANK MAR FUT,30-03-2026 14:30,-0.01,XX,1,M,FUT,,
NSE,D,52090,FUTSTK,0,ZYDUSLIFE-Mar2026-FUT,900,ZYDUSLIFE MAR FUT,30-03-2026 14:30,-0.01,XX,5,M,FUT,,
NSE,D,59175,FUTIDX,0,BANKNIFTY-Feb2026-FUT,30,BANKNIFTY FEB FUT,24-02-2026 14:30,-0.01,XX,20,M,FUT,,
NSE,D,59176,FUTIDX,0,FINNIFTY-Feb2026-FUT,60,FINNIFTY FEB FUT,24-02-2026 14:30,-0.01,XX,10,M,FUT,,
NSE,D,59181,FUTIDX,0,MIDCPNIFTY-Feb2026-FUT,120,MIDCPNIFTY FEB FUT,24-02-2026 14:30,-0.01,XX,5,M,FUT,,
NSE,D,59182,FUTIDX,0,NIFTY-Feb2026-FUT,65,NIFTY FEB FUT,24-02-2026 14:30,-0.01,XX,10,M,FUT,,
NSE,D,59187,FUTIDX,0,NIFTYNXT50-Feb2026-FUT,25,NIFTYNXT50 FEB FUT,24-02-2026 14:30,-0.01,XX,20,M,FUT,,
NSE,D,59188,FUTSTK,0,360ONE-Feb2026-FUT,500,360ONE FEB FUT,24-02-2026 14:30,-0.01,XX,10,M,FUT,,
NSE,D,59189,FUTSTK,0,ABB-Feb2026-FUT,125,ABB FEB FUT,24-02-2026 14:30,-0.01,XX,50,M,FUT,,
NSE,D,59190,FUTSTK,0,ABCAPITAL-Feb2026-FUT,3100,ABCAPITAL FEB FUT,24-02-2026 14:30,-0.01,XX,5,M,FUT,,
NSE,D,59193,FUTSTK,0,ADANIENSOL-Feb2026-FUT,675,ADANIENSOL FEB FUT,24-02-2026 14:30,-0.01,XX,10,M,FUT,,
NSE,D,59194,FUTSTK,0,ADANIENT-Feb2026-FUT,309,ADANIENT FEB FUT,24-02-2026 14:30,-0.01,XX,10,M,FUT,,
NSE,D,59201,FUTSTK,0,ADANIGREEN-Feb2026-FUT,600,ADANIGREEN FEB FUT,24-02-2026 14:30,-0.01,XX,10,M,FUT,,
NSE,D,59202,FUTSTK,0,ADANIPORTS-Feb2026-FUT,475,ADANIPORTS FEB FUT,24-02-2026 14:30,-0.01,XX,10,M,FUT,,
NSE,D,59203,FUTSTK,0,ALKEM-Feb2026-FUT,125,ALKEM FEB FUT,24-02-2026 14:30,-0.01,XX,50,M,FUT,,
NSE,D,59204,FUTSTK,0,AMBER-Feb2026-FUT,100,AMBER FEB FUT,24-02-2026 14:30,-0.01,XX,50,M,FUT,,
NSE,D,59205,FUTSTK,0,AMBUJACEM-Feb2026-FUT,1050,AMBUJACEM FEB FUT,24-02-2026 14:30,-0.01,XX,5,M,FUT,,
NSE,D,59206,FUTSTK,0,ANGELONE-Feb2026-FUT,250,ANGELONE FEB FUT,24-02-2026 14:30,-0.01,XX,10,M,FUT,,
NSE,D,59207,FUTSTK,0,APLAPOLLO-Feb2026-FUT,350,APLAPOLLO FEB FUT,24-02-2026 14:30,-0.01,XX,10,M,FUT,,
NSE,D,59208,FUTSTK,0,APOLLOHOSP-Feb2026-FUT,125,APOLLOHOSP FEB FUT,24-02-2026 14:30,-0.01,XX,50,M,FUT,,
NSE,D,59209,FUTSTK,0,ASHOKLEY-Feb2026-FUT,5000,ASHOKLEY FEB FUT,24-02-2026 14:30,-0.01,XX,1,M,FUT,,
NSE,D,59210,FUTSTK,0,ASIANPAINT-Feb2026-FUT,250,ASIANPAINT FEB FUT,24-02-2026 14:30,-0.01,XX,10,M,FUT,,
NSE,D,59211,FUTSTK,0,ASTRAL-Feb2026-FUT,425,ASTRAL FEB FUT,24-02-2026 14:30,-0.01,XX,10,M,FUT,,
NSE,D,59213,FUTSTK,0,AUBANK-Feb2026-FUT,1000,AUBANK FEB FUT,24-02-2026 14:30,-0.01,XX,5,M,FUT,,
NSE,D,59214,FUTSTK,0,AUROPHARMA-Feb2026-FUT,550,AUROPHARMA FEB FUT,24-02-2026 14:30,-0.01,XX,10,M,FUT,,
NSE,D,59215,FUTSTK,0,AXISBANK-Feb2026-FUT,625,AXISBANK FEB FUT,24-02-2026 14:30,-0.01,XX,10,M,FUT,,
NSE,D,59216,FUTSTK,0,BAJAJ-AUTO-Feb2026-FUT,75,BAJAJ-AUTO FEB FUT,24-02-2026 14:30,-0.01,XX,50,M,FUT,,
NSE,D,59254,FUTSTK,0,BAJAJFINSV-Feb2026-FUT,250,BAJAJFINSV FEB FUT,24-02-2026 14:30,-0.01,XX,10,M,FUT,,
NSE,D,59255,FUTSTK,0,BAJFINANCE-Feb2026-FUT,750,BAJFINANCE FEB FUT,24-02-2026 14:30,-0.01,XX,5,M,FUT,,
NSE,D,59256,FUTSTK,0,BANDHANBNK-Feb2026-FUT,3600,BANDHANBNK FEB FUT,24-02-2026 14:30,-0.01,XX,1,M,FUT,,
NSE,D,59257,FUTSTK,0,BANKBARODA-Feb2026-FUT,2925,BANKBARODA FEB FUT,24-02-2026 14:30,-0.01,XX,5,M,FUT,,
NSE,D,59258,FUTSTK,0,BANKINDIA-Feb2026-FUT,5200,BANKINDIA FEB FUT,24-02-2026 14:30,-0.01,XX,1,M,FUT,,
NSE,D,59259,FUTSTK,0,BDL-Feb2026-FUT,350,BDL FEB FUT,24-02-2026 14:30,-0.01,XX,10,M,FUT,,
NSE,D,59260,FUTSTK,0,BEL-Feb2026-FUT,1425,BEL FEB FUT,24-02-2026 14:30,-0.01,XX,5,M,FUT,,
NSE,D,59263,FUTSTK,0,BHARATFORG-Feb2026-FUT,500,BHARATFORG FEB FUT,24-02-2026 14:30,-0.01,XX,10,M,FUT,,
NSE,D,59264,FUTSTK,0,BHARTIARTL-Feb2026-FUT,475,BHARTIARTL FEB FUT,24-02-2026 14:30,-0.01,XX,10,M,FUT,,
NSE,D,59267,FUTSTK,0,BHEL-Feb2026-FUT,2625,BHEL FEB FUT,24-02-2026 14:30,-0.01,XX,5,M,FUT,,
NSE,D,59268,FUTSTK,0,BIOCON-Feb2026-FUT,2500,BIOCON FEB FUT,24-02-2026 14:30,-0.01,XX,5,M,FUT,,
NSE,D,59269,FUTSTK,0,BLUESTARCO-Feb2026-FUT,325,BLUESTARCO FEB FUT,24-02-2026 14:30,-0.01,XX,10,M,FUT,,
NSE,D,59270,FUTSTK,0,BOSCHLTD-Feb2026-FUT,25,BOSCHLTD FEB FUT,24-02-2026 14:30,-0.01,XX,500,M,FUT,,
NSE,D,59275,FUTSTK,0,BPCL-Feb2026-FUT,1975,BPCL FEB FUT,24-02-2026 14:30,-0.01,XX,5,M,FUT,,
NSE,D,59276,FUTSTK,0,BRITANNIA-Feb2026-FUT,125,BRITANNIA FEB FUT,24-02-2026 14:30,-0.01,XX,50,M,FUT,,
NSE,D,59277,FUTSTK,0,BSE-Feb2026-FUT,375,BSE FEB FUT,24-02-2026 14:30,-0.01,XX,10,M,FUT,,
NSE,D,59278,FUTSTK,0,CAMS-Feb2026-FUT,750,CAMS FEB FUT,24-02-2026 14:30,-0.01,XX,5,M,FUT,,
NSE,D,59283,FUTSTK,0,CANBK-Feb2026-FUT,6750,CANBK FEB FUT,24-02-2026 14:30,-0.01,XX,1,M,FUT,,
NSE,D,59284,FUTSTK,0,CDSL-Feb2026-FUT,475,CDSL FEB FUT,24-02-2026 14:30,-0.01,XX,10,M,FUT,,
NSE,D,59287,FUTSTK,0,CGPOWER-Feb2026-FUT,850,CGPOWER FEB FUT,24-02-2026 14:30,-0.01,XX,5,M,FUT,,
NSE,D,59288,FUTSTK,0,CHOLAFIN-Feb2026-FUT,625,CHOLAFIN FEB FUT,24-02-2026 14:30,-0.01,XX,10,M,FUT,,
NSE,D,59289,FUTSTK,0,CIPLA-Feb2026-FUT,375,CIPLA FEB FUT,24-02-2026 14:30,-0.01,XX,10,M,FUT,,
NSE,D,59290,FUTSTK,0,COALINDIA-Feb2026-FUT,1350,COALINDIA FEB FUT,24-02-2026 14:30,-0.01,XX,5,M,FUT,,
NSE,D,59291,FUTSTK,0,COFORGE-Feb2026-FUT,375,COFORGE FEB FUT,24-02-2026 14:30,-0.01,XX,10,M,FUT,,
NSE,D,59292,FUTSTK,0,COLPAL-Feb2026-FUT,225,COLPAL FEB FUT,24-02-2026 14:30,-0.01,XX,10,M,FUT,,
NSE,D,59293,FUTSTK,0,CONCOR-Feb2026-FUT,1250,CONCOR FEB FUT,24-02-2026 14:30,-0.01,XX,5,M,FUT,,
NSE,D,59294,FUTSTK,0,CROMPTON-Feb2026-FUT,1800,CROMPTON FEB FUT,24-02-2026 14:30,-0.01,XX,5,M,FUT,,
NSE,D,59301,FUTSTK,0,CUMMINSIND-Feb2026-FUT,200,CUMMINSIND FEB FUT,24-02-2026 14:30,-0.01,XX,10,M,FUT,,
NSE,D,59302,FUTSTK,0,DABUR-Feb2026-FUT,1250,DABUR FEB FUT,24-02-2026 14:30,-0.01,XX,5,M,FUT,,
NSE,D,59303,FUTSTK,0,DALBHARAT-Feb2026-FUT,325,DALBHARAT FEB FUT,24-02-2026 14:30,-0.01,XX,10,M,FUT,,
NSE,D,59304,FUTSTK,0,DELHIVERY-Feb2026-FUT,2075,DELHIVERY FEB FUT,24-02-2026 14:30,-0.01,XX,5,M,FUT,,
NSE,D,59305,FUTSTK,0,DIVISLAB-Feb2026-FUT,100,DIVISLAB FEB FUT,24-02-2026 14:30,-0.01,XX,50,M,FUT,,
NSE,D,59306,FUTSTK,0,DIXON-Feb2026-FUT,50,DIXON FEB FUT,24-02-2026 14:30,-0.01,XX,100,M,FUT,,
NSE,D,59307,FUTSTK,0,DLF-Feb2026-FUT,825,DLF FEB FUT,24-02-2026 14:30,-0.01,XX,5,M,FUT,,
NSE,D,59308,FUTSTK,0,DMART-Feb2026-FUT,150,DMART FEB FUT,24-02-2026 14:30,-0.01,XX,10,M,FUT,,
NSE,D,59309,FUTSTK,0,DRREDDY-Feb2026-FUT,625,DRREDDY FEB FUT,24-02-2026 14:30,-0.01,XX,10,M,FUT,,
NSE,D,59310,FUTSTK,0,EICHERMOT-Feb2026-FUT,100,EICHERMOT FEB FUT,24-02-2026 14:30,-0.01,XX,50,M,FUT,,
NSE,D,59311,FUTSTK,0,ETERNAL-Feb2026-FUT,2425,ETERNAL FEB FUT,24-02-2026 14:30,-0.01,XX,5,M,FUT,,
NSE,D,59312,FUTSTK,0,EXIDEIND-Feb2026-FUT,1800,EXIDEIND FEB FUT,24-02-2026 14:30,-0.01,XX,5,M,FUT,,
NSE,D,59315,FUTSTK,0,FEDERALBNK-Feb2026-FUT,5000,FEDERALBNK FEB FUT,24-02-2026 14:30,-0.01,XX,5,M,FUT,,
NSE,D,59316,FUTSTK,0,FORTIS-Feb2026-FUT,775,FORTIS FEB FUT,24-02-2026 14:30,-0.01,XX,5,M,FUT,,
NSE,D,59321,FUTSTK,0,GAIL-Feb2026-FUT,3150,GAIL FEB FUT,24-02-2026 14:30,-0.01,XX,1,M,FUT,,
NSE,D,59322,FUTSTK,0,GLENMARK-Feb2026-FUT,375,GLENMARK FEB FUT,24-02-2026 14:30,-0.01,XX,10,M,FUT,,
NSE,D,59335,FUTSTK,0,GMRAIRPORT-Feb2026-FUT,6975,GMRAIRPORT FEB FUT,24-02-2026 14:30,-0.01,XX,1,M,FUT,,
NSE,D,59338,FUTSTK,0,GODREJCP-Feb2026-FUT,500,GODREJCP FEB FUT,24-02-2026 14:30,-0.01,XX,10,M,FUT,,
NSE,D,59339,FUTSTK,0,GODREJPROP-Feb2026-FUT,275,GODREJPROP FEB FUT,24-02-2026 14:30,-0.01,XX,10,M,FUT,,
NSE,D,59340,FUTSTK,0,GRASIM-Feb2026-FUT,250,GRASIM FEB FUT,24-02-2026 14:30,-0.01,XX,10,M,FUT,,
NSE,D,59341,FUTSTK,0,HAL-Feb2026-FUT,150,HAL FEB FUT,24-02-2026 14:30,-0.01,XX,10,M,FUT,,
NSE,D,59342,FUTSTK,0,HAVELLS-Feb2026-FUT,500,HAVELLS FEB FUT,24-02-2026 14:30,-0.01,XX,10,M,FUT,,
NSE,D,59343,FUTSTK,0,HCLTECH-Feb2026-FUT,350,HCLTECH FEB FUT,24-02-2026 14:30,-0.01,XX,10,M,FUT,,
NSE,D,59344,FUTSTK,0,HDFCAMC-Feb2026-FUT,300,HDFCAMC FEB FUT,24-02-2026 14:30,-0.01,XX,10,M,FUT,,
NSE,D,59345,FUTSTK,0,HDFCBANK-Feb2026-FUT,550,HDFCBANK FEB FUT,24-02-2026 14:30,-0.01,XX,5,M,FUT,,
NSE,D,59346,FUTSTK,0,HDFCLIFE-Feb2026-FUT,1100,HDFCLIFE FEB FUT,24-02-2026 14:30,-0.01,XX,5,M,FUT,,
NSE,D,59347,FUTSTK,0,HEROMOTOCO-Feb2026-FUT,150,HEROMOTOCO FEB FUT,24-02-2026 14:30,-0.01,XX,50,M,FUT,,
NSE,D,59348,FUTSTK,0,HINDALCO-Feb2026-FUT,700,HINDALCO FEB FUT,24-02-2026 14:30,-0.01,XX,5,M,FUT,,
NSE,D,59349,FUTSTK,0,HINDPETRO-Feb2026-FUT,2025,HINDPETRO FEB FUT,24-02-2026 14:30,-0.01,XX,5,M,FUT,,
NSE,D,59350,FUTSTK,0,HINDUNILVR-Feb2026-FUT,300,HINDUNILVR FEB FUT,24-02-2026 14:30,-0.01,XX,10,M,FUT,,
NSE,D,59351,FUTSTK,0,HINDZINC-Feb2026-FUT,1225,HINDZINC FEB FUT,24-02-2026 14:30,-0.01,XX,5,M,FUT,,
NSE,D,59352,FUTSTK,0,HUDCO-Feb2026-FUT,2775,HUDCO FEB FUT,24-02-2026 14:30,-0.01,XX,1,M,FUT,,
NSE,D,59353,FUTSTK,0,ICICIBANK-Feb2026-FUT,700,ICICIBANK FEB FUT,24-02-2026 14:30,-0.01,XX,10,M,FUT,,
NSE,D,59354,FUTSTK,0,ICICIGI-Feb2026-FUT,325,ICICIGI FEB FUT,24-02-2026 14:30,-0.01,XX,10,M,FUT,,
NSE,D,59355,FUTSTK,0,ICICIPRULI-Feb2026-FUT,925,ICICIPRULI FEB FUT,24-02-2026 14:30,-0.01,XX,5,M,FUT,,
NSE,D,59356,FUTSTK,0,IDEA-Feb2026-FUT,71475,IDEA FEB FUT,24-02-2026 14:30,-0.01,XX,1,M,FUT,,
NSE,D,59357,FUTSTK,0,IDFCFIRSTB-Feb2026-FUT,9275,IDFCFIRSTB FEB FUT,24-02-2026 14:30,-0.01,XX,1,M,FUT,,
NSE,D,59358,FUTSTK,0,IEX-Feb2026-FUT,3750,IEX FEB FUT,24-02-2026 14:30,-0.01,XX,1,M,FUT,,
NSE,D,59359,FUTSTK,0,INDHOTEL-Feb2026-FUT,1000,INDHOTEL FEB FUT,24-02-2026 14:30,-0.01,XX,5,M,FUT,,
NSE,D,59360,FUTSTK,0,INDIANB-Feb2026-FUT,1000,INDIANB FEB FUT,24-02-2026 14:30,-0.01,XX,5,M,FUT,,
NSE,D,59372,FUTSTK,0,INDIGO-Feb2026-FUT,150,INDIGO FEB FUT,24-02-2026 14:30,-0.01,XX,50,M,FUT,,
NSE,D,59373,FUTSTK,0,INDUSINDBK-Feb2026-FUT,700,INDUSINDBK FEB FUT,24-02-2026 14:30,-0.01,XX,5,M,FUT,,
NSE,D,59374,FUTSTK,0,INDUSTOWER-Feb2026-FUT,1700,INDUSTOWER FEB FUT,24-02-2026 14:30,-0.01,XX,5,M,FUT,,
NSE,D,59375,FUTSTK,0,INFY-Feb2026-FUT,400,INFY FEB FUT,24-02-2026 14:30,-0.01,XX,10,M,FUT,,
NSE,D,59378,FUTSTK,0,INOXWIND-Feb2026-FUT,3575,INOXWIND FEB FUT,24-02-2026 14:30,-0.01,XX,1,M,FUT,,
NSE,D,59379,FUTSTK,0,IOC-Feb2026-FUT,4875,IOC FEB FUT,24-02-2026 14:30,-0.01,XX,1,M,FUT,,
NSE,D,59380,FUTSTK,0,IRCTC-Feb2026-FUT,875,IRCTC FEB FUT,24-02-2026 14:30,-0.01,XX,5,M,FUT,,
NSE,D,59381,FUTSTK,0,IREDA-Feb2026-FUT,3450,IREDA FEB FUT,24-02-2026 14:30,-0.01,XX,1,M,FUT,,
NSE,D,59382,FUTSTK,0,IRFC-Feb2026-FUT,4250,IRFC FEB FUT,24-02-2026 14:30,-0.01,XX,1,M,FUT,,
NSE,D,59383,FUTSTK,0,ITC-Feb2026-FUT,1600,ITC FEB FUT,24-02-2026 14:30,-0.01,XX,5,M,FUT,,
NSE,D,59388,FUTSTK,0,JINDALSTEL-Feb2026-FUT,625,JINDALSTEL FEB FUT,24-02-2026 14:30,-0.01,XX,10,M,FUT,,
NSE,D,59389,FUTSTK,0,JIOFIN-Feb2026-FUT,2350,JIOFIN FEB FUT,24-02-2026 14:30,-0.01,XX,5,M,FUT,,
NSE,D,59390,FUTSTK,0,JSWENERGY-Feb2026-FUT,1000,JSWENERGY FEB FUT,24-02-2026 14:30,-0.01,XX,5,M,FUT,,
NSE,D,59391,FUTSTK,0,JSWSTEEL-Feb2026-FUT,675,JSWSTEEL FEB FUT,24-02-2026 14:30,-0.01,XX,10,M,FUT,,
NSE,D,59392,FUTSTK,0,JUBLFOOD-Feb2026-FUT,1250,JUBLFOOD FEB FUT,24-02-2026 14:30,-0.01,XX,5,M,FUT,,
NSE,D,59393,FUTSTK,0,KALYANKJIL-Feb2026-FUT,1175,KALYANKJIL FEB FUT,24-02-2026 14:30,-0.01,XX,5,M,FUT,,
NSE,D,59394,FUTSTK,0,KAYNES-Feb2026-FUT,100,KAYNES FEB FUT,24-02-2026 14:30,-0.01,XX,10,M,FUT,,
NSE,D,59395,FUTSTK,0,KEI-Feb2026-FUT,175,KEI FEB FUT,24-02-2026 14:30,-0.01,XX,10,M,FUT,,
NSE,D,59396,FUTSTK,0,KFINTECH-Feb2026-FUT,500,KFINTECH FEB FUT,24-02-2026 14:30,-0.01,XX,10,M,FUT,,
NSE,D,59397,FUTSTK,0,KOTAKBANK-Feb2026-FUT,400,KOTAKBANK FEB FUT,24-02-2026 14:30,-0.01,XX,10,M,FUT,,
NSE,D,59398,FUTSTK,0,KPITTECH-Feb2026-FUT,425,KPITTECH FEB FUT,24-02-2026 14:30,-0.01,XX,10,M,FUT,,
NSE,D,59399,FUTSTK,0,LAURUSLABS-Feb2026-FUT,850,LAURUSLABS FEB FUT,24-02-2026 14:30,-0.01,XX,10,M,FUT,,
NSE,D,59400,FUTSTK,0,LICHSGFIN-Feb2026-FUT,1000,LICHSGFIN FEB FUT,24-02-2026 14:30,-0.01,XX,5,M,FUT,,
NSE,D,59401,FUTSTK,0,LICI-Feb2026-FUT,700,LICI FEB FUT,24-02-2026 14:30,-0.01,XX,5,M,FUT,,
NSE,D,59402,FUTSTK,0,LODHA-Feb2026-FUT,450,LODHA FEB FUT,24-02-2026 14:30,-0.01,XX,10,M,FUT,,
NSE,D,59403,FUTSTK,0,LT-Feb2026-FUT,175,LT FEB FUT,24-02-2026 14:30,-0.01,XX,10,M,FUT,,
NSE,D,59404,FUTSTK,0,LTF-Feb2026-FUT,2250,LTF FEB FUT,24-02-2026 14:30,-0.01,XX,5,M,FUT,,
NSE,D,59413,FUTSTK,0,LTIM-Feb2026-FUT,150,LTIM FEB FUT,24-02-2026 14:30,-0.01,XX,50,M,FUT,,
NSE,D,59414,FUTSTK,0,LUPIN-Feb2026-FUT,425,LUPIN FEB FUT,24-02-2026 14:30,-0.01,XX,10,M,FUT,,
NSE,D,59415,FUTSTK,0,M&M-Feb2026-FUT,200,M&M FEB FUT,24-02-2026 14:30,-0.01,XX,10,M,FUT,,
NSE,D,59416,FUTSTK,0,MANAPPURAM-Feb2026-FUT,3000,MANAPPURAM FEB FUT,24-02-2026 14:30,-0.01,XX,5,M,FUT,,
NSE,D,59417,FUTSTK,0,MANKIND-Feb2026-FUT,225,MANKIND FEB FUT,24-02-2026 14:30,-0.01,XX,10,M,FUT,,
NSE,D,59418,FUTSTK,0,MARICO-Feb2026-FUT,1200,MARICO FEB FUT,24-02-2026 14:30,-0.01,XX,5,M,FUT,,
NSE,D,59419,FUTSTK,0,MARUTI-Feb2026-FUT,50,MARUTI FEB FUT,24-02-2026 14:30,-0.01,XX,100,M,FUT,,
NSE,D,59420,FUTSTK,0,MAXHEALTH-Feb2026-FUT,525,MAXHEALTH FEB FUT,24-02-2026 14:30,-0.01,XX,10,M,FUT,,
NSE,D,59421,FUTSTK,0,MAZDOCK-Feb2026-FUT,200,MAZDOCK FEB FUT,24-02-2026 14:30,-0.01,XX,10,M,FUT,,
NSE,D,59422,FUTSTK,0,MCX-Feb2026-FUT,625,MCX FEB FUT,24-02-2026 14:30,-0.01,XX,100,M,FUT,,
NSE,D,59423,FUTSTK,0,MFSL-Feb2026-FUT,400,MFSL FEB FUT,24-02-2026 14:30,-0.01,XX,10,M,FUT,,
NSE,D,59424,FUTSTK,0,MOTHERSON-Feb2026-FUT,6150,MOTHERSON FEB FUT,24-02-2026 14:30,-0.01,XX,1,M,FUT,,
NSE,D,59425,FUTSTK,0,MPHASIS-Feb2026-FUT,275,MPHASIS FEB FUT,24-02-2026 14:30,-0.01,XX,10,M,FUT,,
NSE,D,59426,FUTSTK,0,MUTHOOTFIN-Feb2026-FUT,275,MUTHOOTFIN FEB FUT,24-02-2026 14:30,-0.01,XX,10,M,FUT,,
NSE,D,59427,FUTSTK,0,NATIONALUM-Feb2026-FUT,3750,NATIONALUM FEB FUT,24-02-2026 14:30,-0.01,XX,5,M,FUT,,
NSE,D,59428,FUTSTK,0,NAUKRI-Feb2026-FUT,375,NAUKRI FEB FUT,24-02-2026 14:30,-0.01,XX,10,M,FUT,,
NSE,D,59429,FUTSTK,0,NBCC-Feb2026-FUT,6500,NBCC FEB FUT,24-02-2026 14:30,-0.01,XX,1,M,FUT,,
NSE,D,59430,FUTSTK,0,NESTLEIND-Feb2026-FUT,500,NESTLEIND FEB FUT,24-02-2026 14:30,-0.01,XX,10,M,FUT,,
NSE,D,59431,FUTSTK,0,NHPC-Feb2026-FUT,6400,NHPC FEB FUT,24-02-2026 14:30,-0.01,XX,1,M,FUT,,
NSE,D,59432,FUTSTK,0,NMDC-Feb2026-FUT,6750,NMDC FEB FUT,24-02-2026 14:30,-0.01,XX,1,M,FUT,,
NSE,D,59433,FUTSTK,0,NTPC-Feb2026-FUT,1500,NTPC FEB FUT,24-02-2026 14:30,-0.01,XX,5,M,FUT,,
NSE,D,59434,FUTSTK,0,NUVAMA-Feb2026-FUT,500,NUVAMA FEB FUT,24-02-2026 14:30,-0.01,XX,10,M,FUT,,
NSE,D,59435,FUTSTK,0,NYKAA-Feb2026-FUT,3125,NYKAA FEB FUT,24-02-2026 14:30,-0.01,XX,5,M,FUT,,
NSE,D,59436,FUTSTK,0,OBEROIRLTY-Feb2026-FUT,350,OBEROIRLTY FEB FUT,24-02-2026 14:30,-0.01,XX,10,M,FUT,,
NSE,D,59437,FUTSTK,0,OFSS-Feb2026-FUT,75,OFSS FEB FUT,24-02-2026 14:30,-0.01,XX,50,M,FUT,,
NSE,D,59438,FUTSTK,0,OIL-Feb2026-FUT,1400,OIL FEB FUT,24-02-2026 14:30,-0.01,XX,5,M,FUT,,
NSE,D,59439,FUTSTK,0,ONGC-Feb2026-FUT,2250,ONGC FEB FUT,24-02-2026 14:30,-0.01,XX,1,M,FUT,,
NSE,D,59440,FUTSTK,0,PAGEIND-Feb2026-FUT,15,PAGEIND FEB FUT,24-02-2026 14:30,-0.01,XX,500,M,FUT,,
NSE,D,59441,FUTSTK,0,PATANJALI-Feb2026-FUT,900,PATANJALI FEB FUT,24-02-2026 14:30,-0.01,XX,5,M,FUT,,
NSE,D,59442,FUTSTK,0,PAYTM-Feb2026-FUT,725,PAYTM FEB FUT,24-02-2026 14:30,-0.01,XX,10,M,FUT,,
NSE,D,59443,FUTSTK,0,PERSISTENT-Feb2026-FUT,100,PERSISTENT FEB FUT,24-02-2026 14:30,-0.01,XX,50,M,FUT,,
NSE,D,59444,FUTSTK,0,PETRONET-Feb2026-FUT,1900,PETRONET FEB FUT,24-02-2026 14:30,-0.01,XX,5,M,FUT,,
NSE,D,59445,FUTSTK,0,PFC-Feb2026-FUT,1300,PFC FEB FUT,24-02-2026 14:30,-0.01,XX,5,M,FUT,,
NSE,D,59446,FUTSTK,0,PGEL-Feb2026-FUT,950,PGEL FEB FUT,24-02-2026 14:30,-0.01,XX,5,M,FUT,,
NSE,D,59447,FUTSTK,0,PHOENIXLTD-Feb2026-FUT,350,PHOENIXLTD FEB FUT,24-02-2026 14:30,-0.01,XX,10,M,FUT,,
NSE,D,59448,FUTSTK,0,PIDILITIND-Feb2026-FUT,500,PIDILITIND FEB FUT,24-02-2026 14:30,-0.01,XX,10,M,FUT,,
NSE,D,59449,FUTSTK,0,PIIND-Feb2026-FUT,175,PIIND FEB FUT,24-02-2026 14:30,-0.01,XX,10,M,FUT,,
NSE,D,59450,FUTSTK,0,PNB-Feb2026-FUT,8000,PNB FEB FUT,24-02-2026 14:30,-0.01,XX,1,M,FUT,,
NSE,D,59451,FUTSTK,0,PNBHOUSING-Feb2026-FUT,650,PNBHOUSING FEB FUT,24-02-2026 14:30,-0.01,XX,5,M,FUT,,
NSE,D,59452,FUTSTK,0,POLICYBZR-Feb2026-FUT,350,POLICYBZR FEB FUT,24-02-2026 14:30,-0.01,XX,10,M,FUT,,
NSE,D,59453,FUTSTK,0,POLYCAB-Feb2026-FUT,125,POLYCAB FEB FUT,24-02-2026 14:30,-0.01,XX,50,M,FUT,,
NSE,D,59454,FUTSTK,0,POWERGRID-Feb2026-FUT,1900,POWERGRID FEB FUT,24-02-2026 14:30,-0.01,XX,5,M,FUT,,
NSE,D,59455,FUTSTK,0,POWERINDIA-Feb2026-FUT,50,POWERINDIA FEB FUT,24-02-2026 14:30,-0.01,XX,100,M,FUT,,
NSE,D,59456,FUTSTK,0,PPLPHARMA-Feb2026-FUT,2625,PPLPHARMA FEB FUT,24-02-2026 14:30,-0.01,XX,1,M,FUT,,
NSE,D,59457,FUTSTK,0,PRESTIGE-Feb2026-FUT,450,PRESTIGE FEB FUT,24-02-2026 14:30,-0.01,XX,10,M,FUT,,
NSE,D,59458,FUTSTK,0,RBLBANK-Feb2026-FUT,3175,RBLBANK FEB FUT,24-02-2026 14:30,-0.01,XX,5,M,FUT,,
NSE,D,59459,FUTSTK,0,RECLTD-Feb2026-FUT,1400,RECLTD FEB FUT,24-02-2026 14:30,-0.01,XX,5,M,FUT,,
NSE,D,59460,FUTSTK,0,RELIANCE-Feb2026-FUT,500,RELIANCE FEB FUT,24-02-2026 14:30,-0.01,XX,10,M,FUT,,
NSE,D,59461,FUTSTK,0,RVNL-Feb2026-FUT,1525,RVNL FEB FUT,24-02-2026 14:30,-0.01,XX,5,M,FUT,,
NSE,D,59462,FUTSTK,0,SAIL-Feb2026-FUT,4700,SAIL FEB FUT,24-02-2026 14:30,-0.01,XX,1,M,FUT,,
NSE,D,59463,FUTSTK,0,SAMMAANCAP-Feb2026-FUT,4300,SAMMAANCAP FEB FUT,24-02-2026 14:30,-0.01,XX,1,M,FUT,,
NSE,D,59464,FUTSTK,0,SBICARD-Feb2026-FUT,800,SBICARD FEB FUT,24-02-2026 14:30,-0.01,XX,5,M,FUT,,
NSE,D,59465,FUTSTK,0,SBILIFE-Feb2026-FUT,375,SBILIFE FEB FUT,24-02-2026 14:30,-0.01,XX,10,M,FUT,,
NSE,D,59466,FUTSTK,0,SBIN-Feb2026-FUT,750,SBIN FEB FUT,24-02-2026 14:30,-0.01,XX,5,M,FUT,,
NSE,D,59467,FUTSTK,0,SHREECEM-Feb2026-FUT,25,SHREECEM FEB FUT,24-02-2026 14:30,-0.01,XX,500,M,FUT,,
NSE,D,59468,FUTSTK,0,SHRIRAMFIN-Feb2026-FUT,825,SHRIRAMFIN FEB FUT,24-02-2026 14:30,-0.01,XX,5,M,FUT,,
NSE,D,59469,FUTSTK,0,SIEMENS-Feb2026-FUT,175,SIEMENS FEB FUT,24-02-2026 14:30,-0.01,XX,10,M,FUT,,
NSE,D,59470,FUTSTK,0,SOLARINDS-Feb2026-FUT,50,SOLARINDS FEB FUT,24-02-2026 14:30,-0.01,XX,100,M,FUT,,
NSE,D,59471,FUTSTK,0,SONACOMS-Feb2026-FUT,1225,SONACOMS FEB FUT,24-02-2026 14:30,-0.01,XX,5,M,FUT,,
NSE,D,59472,FUTSTK,0,SRF-Feb2026-FUT,200,SRF FEB FUT,24-02-2026 14:30,-0.01,XX,10,M,FUT,,
NSE,D,59473,FUTSTK,0,SUNPHARMA-Feb2026-FUT,350,SUNPHARMA FEB FUT,24-02-2026 14:30,-0.01,XX,10,M,FUT,,
NSE,D,59474,FUTSTK,0,SUPREMEIND-Feb2026-FUT,175,SUPREMEIND FEB FUT,24-02-2026 14:30,-0.01,XX,10,M,FUT,,
NSE,D,59475,FUTSTK,0,SUZLON-Feb2026-FUT,9025,SUZLON FEB FUT,24-02-2026 14:30,-0.01,XX,1,M,FUT,,
NSE,D,59476,FUTSTK,0,SYNGENE-Feb2026-FUT,1000,SYNGENE FEB FUT,24-02-2026 14:30,-0.01,XX,5,M,FUT,,
NSE,D,59481,FUTSTK,0,TATACONSUM-Feb2026-FUT,550,TATACONSUM FEB FUT,24-02-2026 14:30,-0.01,XX,10,M,FUT,,
NSE,D,59482,FUTSTK,0,TATAELXSI-Feb2026-FUT,100,TATAELXSI FEB FUT,24-02-2026 14:30,-0.01,XX,50,M,FUT,,
NSE,D,59483,FUTSTK,0,TATAPOWER-Feb2026-FUT,1450,TATAPOWER FEB FUT,24-02-2026 14:30,-0.01,XX,5,M,FUT,,
NSE,D,59484,FUTSTK,0,TATASTEEL-Feb2026-FUT,5500,TATASTEEL FEB FUT,24-02-2026 14:30,-0.01,XX,1,M,FUT,,
NSE,D,59486,FUTSTK,0,TATATECH-Feb2026-FUT,800,TATATECH FEB FUT,24-02-2026 14:30,-0.01,XX,5,M,FUT,,
NSE,D,59489,FUTSTK,0,TCS-Feb2026-FUT,175,TCS FEB FUT,24-02-2026 14:30,-0.01,XX,10,M,FUT,,
NSE,D,59490,FUTSTK,0,TECHM-Feb2026-FUT,600,TECHM FEB FUT,24-02-2026 14:30,-0.01,XX,10,M,FUT,,
NSE,D,59491,FUTSTK,0,TIINDIA-Feb2026-FUT,200,TIINDIA FEB FUT,24-02-2026 14:30,-0.01,XX,10,M,FUT,,
NSE,D,59492,FUTSTK,0,TITAN-Feb2026-FUT,175,TITAN FEB FUT,24-02-2026 14:30,-0.01,XX,10,M,FUT,,
NSE,D,59493,FUTSTK,0,TMPV-Feb2026-FUT,800,TMPV FEB FUT,24-02-2026 14:30,-0.01,XX,5,M,FUT,,
NSE,D,59494,FUTSTK,0,TORNTPHARM-Feb2026-FUT,250,TORNTPHARM FEB FUT,24-02-2026 14:30,-0.01,XX,10,M,FUT,,
NSE,D,59495,FUTSTK,0,TORNTPOWER-Feb2026-FUT,425,TORNTPOWER FEB FUT,24-02-2026 14:30,-0.01,XX,10,M,FUT,,
NSE,D,59496,FUTSTK,0,TRENT-Feb2026-FUT,100,TRENT FEB FUT,24-02-2026 14:30,-0.01,XX,10,M,FUT,,
NSE,D,59497,FUTSTK,0,TVSMOTOR-Feb2026-FUT,175,TVSMOTOR FEB FUT,24-02-2026 14:30,-0.01,XX,10,M,FUT,,
NSE,D,59498,FUTSTK,0,ULTRACEMCO-Feb2026-FUT,50,ULTRACEMCO FEB FUT,24-02-2026 14:30,-0.01,XX,100,M,FUT,,
NSE,D,59499,FUTSTK,0,UNIONBANK-Feb2026-FUT,4425,UNIONBANK FEB FUT,24-02-2026 14:30,-0.01,XX,1,M,FUT,,
NSE,D,59500,FUTSTK,0,UNITDSPR-Feb2026-FUT,400,UNITDSPR FEB FUT,24-02-2026 14:30,-0.01,XX,10,M,FUT,,
NSE,D,59501,FUTSTK,0,UNOMINDA-Feb2026-FUT,550,UNOMINDA FEB FUT,24-02-2026 14:30,-0.01,XX,10,M,FUT,,
NSE,D,59502,FUTSTK,0,UPL-Feb2026-FUT,1355,UPL FEB FUT,24-02-2026 14:30,-0.01,XX,5,M,FUT,,
NSE,D,59503,FUTSTK,0,VBL-Feb2026-FUT,1125,VBL FEB FUT,24-02-2026 14:30,-0.01,XX,5,M,FUT,,
NSE,D,59517,FUTSTK,0,VEDL-Feb2026-FUT,1150,VEDL FEB FUT,24-02-2026 14:30,-0.01,XX,5,M,FUT,,
NSE,D,59518,FUTSTK,0,VOLTAS-Feb2026-FUT,375,VOLTAS FEB FUT,24-02-2026 14:30,-0.01,XX,10,M,FUT,,
NSE,D,59519,FUTSTK,0,WIPRO-Feb2026-FUT,3000,WIPRO FEB FUT,24-02-2026 14:30,-0.01,XX,5,M,FUT,,
NSE,D,59520,FUTSTK,0,YESBANK-Feb2026-FUT,31100,YESBANK FEB FUT,24-02-2026 14:30,-0.01,XX,1,M,FUT,,
NSE,D,59521,FUTSTK,0,ZYDUSLIFE-Feb2026-FUT,900,ZYDUSLIFE FEB FUT,24-02-2026 14:30,-0.01,XX,5,M,FUT,,
NSE,I,1,INDEX,0,NIFTY MIDCAP 150,1,NIFTY Midcap 150,0001-01-01,,XX,0.05,,INDEX,X,NIFTY MIDCAP 150
NSE,I,3,INDEX,0,NIFTY SMALLCAP 250,1,NIFTY Smallcap 250,0001-01-01,,XX,0.05,,INDEX,X,NIFTY SMALLCAP 250
NSE,I,5,INDEX,0,NIFTY SMALLCAP 100,1,NIFTY Smallcap 100,0001-01-01,,XX,0.05,,INDEX,X,NIFTY SMALLCAP 100
NSE,I,6,INDEX,0,NIFTY LARGEMID250,1,Nifty Largemid250,0001-01-01,,XX,0.05,,INDEX,X,NIFTY LARGEMID250
NSE,I,7,INDEX,0,NIFTY MIDSMALLCAP 400,1,Nifty MidSmallCap 400,0001-01-01,,XX,0.05,,INDEX,X,NIFTY MIDSMALLCAP 400
NSE,I,10,INDEX,0,NIFTY100 EQUAL WEIGHT,1,Nifty100 Equal Weight,0001-01-01,,XX,0.05,,INDEX,X,NIFTY100 EQUAL WEIGHT
NSE,I,11,INDEX,0,NIFTY100 LOW VOLATILITY 30,1,Nifty 100 Low Volatility 30,0001-01-01,,XX,0.05,,INDEX,X,NIFTY100 LOW VOLATILITY 30
NSE,I,12,INDEX,0,NIFTY ALPHA 50,1,NIFTY ALPHA 50,0001-01-01,,XX,0.05,,INDEX,X,NIFTY ALPHA 50
NSE,I,13,INDEX,0,NIFTY,1,Nifty 50,0001-01-01,,XX,0.05,,INDEX,X,NIFTY
NSE,I,14,INDEX,0,NIFTY AUTO,1,NIFTY Auto,0001-01-01,,XX,0.05,,INDEX,X,NIFTY AUTO
NSE,I,15,INDEX,0,NIFTY PVT BANK,1,NIFTY Private Bank,0001-01-01,,XX,0.05,,INDEX,X,NIFTY PVT BANK
NSE,I,16,INDEX,0,NIFTY MID LIQ 15,1,Nifty Midcap Liquid 15,0001-01-01,,XX,0.05,,INDEX,X,NIFTY MID LIQ 15
NSE,I,17,INDEX,0,NIFTY 100,1,NIFTY 100,0001-01-01,,XX,0.05,,INDEX,X,NIFTY 100
NSE,I,18,INDEX,0,NIFTY 200,1,NIFTY 200,0001-01-01,,XX,0.05,,INDEX,X,NIFTY 200
NSE,I,19,INDEX,0,NIFTY 500,1,NIFTY 500,0001-01-01,,XX,0.05,,INDEX,X,NIFTY 500
NSE,I,20,INDEX,0,NIFTYMCAP50,1,Nifty Mid Cap 50,0001-01-01,,XX,0.05,,INDEX,X,NIFTYMCAP50
NSE,I,21,INDEX,0,INDIA VIX,1,India VIX,0001-01-01,,XX,0.05,,INDEX,X,INDIA VIX
NSE,I,22,INDEX,0,NIFTY SMALLCAP 50,1,Nifty Smallcap 50,0001-01-01,,XX,0.05,,INDEX,X,NIFTY SMALLCAP 50
NSE,I,25,INDEX,0,BANKNIFTY,1,Nifty Bank,0001-01-01,,XX,0.05,,INDEX,X,BANKNIFTY
NSE,I,27,INDEX,0,FINNIFTY,1,Finnifty,0001-01-01,,XX,0.05,,INDEX,X,FINNIFTY
NSE,I,28,INDEX,0,NIFTY FMCG,1,NIFTY FMCG,0001-01-01,,XX,0.05,,INDEX,X,NIFTY FMCG
NSE,I,29,INDEX,0,NIFTYIT,1,Nifty IT,0001-01-01,,XX,0.05,,INDEX,X,NIFTYIT
NSE,I,30,INDEX,0,NIFTY MEDIA,1,NIFTY Media,0001-01-01,,XX,0.05,,INDEX,X,NIFTY MEDIA
NSE,I,31,INDEX,0,NIFTY METAL,1,NIFTY Metal,0001-01-01,,XX,0.05,,INDEX,X,NIFTY METAL
NSE,I,32,INDEX,0,NIFTY PHARMA,1,NIFTY Pharma,0001-01-01,,XX,0.05,,INDEX,X,NIFTY PHARMA
NSE,I,33,INDEX,0,NIFTY PSU BANK,1,NIFTY PSU Bank,0001-01-01,,XX,0.05,,INDEX,X,NIFTY PSU BANK
NSE,I,34,INDEX,0,NIFTY REALTY,1,NIFTY Realty,0001-01-01,,XX,0.05,,INDEX,X,NIFTY REALTY
NSE,I,35,INDEX,0,NIFTY100 LIQ 15,1,Nifty100 Liquid 15,0001-01-01,,XX,0.05,,INDEX,X,NIFTY100 LIQ 15
NSE,I,37,INDEX,0,NIFTY MID100 FREE,1,NIFTY Midcap 100,0001-01-01,,XX,0.05,,INDEX,X,NIFTY MID100 FREE
NSE,I,38,INDEX,0,NIFTY NEXT 50,1,Nifty Next 50,0001-01-01,,XX,0.05,,INDEX,X,NIFTY NEXT 50
NSE,I,39,INDEX,0,NIFTY COMMODITIES,1,Nifty Commodities,0001-01-01,,XX,0.05,,INDEX,X,NIFTY COMMODITIES
NSE,I,40,INDEX,0,NIFTY CONSUMPTION,1,NIFTY Consumption,0001-01-01,,XX,0.05,,INDEX,X,NIFTY CONSUMPTION
NSE,I,41,INDEX,0,NIFTYPSE,1,Nifty PSE,0001-01-01,,XX,0.05,,INDEX,X,NIFTYPSE
NSE,I,42,INDEX,0,NIFTY ENERGY,1,NIFTY Energy,0001-01-01,,XX,0.05,,INDEX,X,NIFTY ENERGY
NSE,I,43,INDEX,0,NIFTYINFRA,1,NIFTY Infra,0001-01-01,,XX,0.05,,INDEX,X,NIFTYINFRA
NSE,I,44,INDEX,0,NIFTY MNC,1,NIFTY MNC,0001-01-01,,XX,0.05,,INDEX,X,NIFTY MNC
NSE,I,45,INDEX,0,NIFTYCPSE,1,Nifty CPSE,0001-01-01,,XX,0.05,,INDEX,X,NIFTYCPSE
NSE,I,46,INDEX,0,NIFTY SERV SECTOR,1,NIFTY Services Sector,0001-01-01,,XX,0.05,,INDEX,X,NIFTY SERV SECTOR
NSE,I,284,INDEX,0,NIFTY DIV OPPS 50,1,Nifty Dividend Opportunities 50,0001-01-01,,XX,0.05,,INDEX,X,NIFTY DIV OPPS 50
NSE,I,285,INDEX,0,NIFTY GROWSECT 15,1,Nifty Growth Sectors 15,0001-01-01,,XX,0.05,,INDEX,X,NIFTY GROWSECT 15
NSE,I,286,INDEX,0,NIFTY50 VALUE 20,1,Nifty50 Value 20 Index,0001-01-01,,XX,0.05,,INDEX,X,NIFTY50 VALUE 20
NSE,I,287,INDEX,0,NIFTY100 QUALTY30,1,Nifty100 Qualty30,0001-01-01,,XX,0.05,,INDEX,X,NIFTY100 QUALTY30
NSE,I,442,INDEX,0,MIDCPNIFTY,1,Nifty Midcap Select,0001-01-01,,XX,0.05,,INDEX,X,MIDCPNIFTY
NSE,I,443,INDEX,0,NIFTY TOTAL MKT,1,Nifty Total mkt,0001-01-01,,XX,0.05,,INDEX,X,NIFTY TOTAL MKT
NSE,I,444,INDEX,0,NIFTY MICROCAP250,1,Nifty Microcap 250,0001-01-01,,XX,0.05,,INDEX,X,NIFTY MICROCAP250
NSE,I,446,INDEX,0,NIFTY M150 QLTY50,1,NIFTY Midcap150 Quality 50,0001-01-01,,XX,0.05,,INDEX,X,NIFTY M150 QLTY50
NSE,I,447,INDEX,0,NIFTY HEALTHCARE,1,Nifty Healthcare,0001-01-01,,XX,0.05,,INDEX,X,NIFTY HEALTHCARE
NSE,I,466,INDEX,0,NIFTY CONSR DURBL,1,Nifty Consumer Durable,0001-01-01,,XX,0.05,,INDEX,X,NIFTY CONSR DURBL
NSE,I,467,INDEX,0,NIFTY500 MULTICAP,1,Nifty 500 Multicap 50:25:25,0001-01-01,,XX,0.05,,INDEX,X,NIFTY500 MULTICAP
NSE,I,469,INDEX,0,NIFTY FINSRV25 50,1,Nifty Financial Services 25/50,0001-01-01,,XX,0.05,,INDEX,X,NIFTY FINSRV25 50
NSE,I,470,INDEX,0,NIFTY OIL AND GAS,1,Nifty Oil and Gas,0001-01-01,,XX,0.05,,INDEX,X,NIFTY OIL AND GAS
NSE,I,471,INDEX,0,NIFTY MIDSML HLTH,1,Nifty MidSmall Healthcare,0001-01-01,,XX,0.05,,INDEX,X,NIFTY MIDSML HLTH
NSE,I,473,INDEX,0,NIFTY IND DIGITAL,1,Nifty India Digital,0001-01-01,,XX,0.05,,INDEX,X,NIFTY IND DIGITAL
NSE,I,474,INDEX,0,NIFTY INDIA MFG,1,Nifty India Manufacturing,0001-01-01,,XX,0.05,,INDEX,X,NIFTY INDIA MFG
NSE,I,475,INDEX,0,NIFTY TATA 25 CAP,1,Nifty India Corporate Group Index - Tata Group 25% Cap,0001-01-01,,XX,0.05,,INDEX,X,NIFTY TATA 25 CAP
NSE,I,476,INDEX,0,NIFTY MULTI MFG,1,Nifty 500 Multicap India Manufacturing 50:30:20,0001-01-01,,XX,0.05,,INDEX,X,NIFTY MULTI MFG
NSE,I,477,INDEX,0,NIFTY MULTI INFRA,1,Nifty 500 Multicap Infrastructure 50:30:20,0001-01-01,,XX,0.05,,INDEX,X,NIFTY MULTI INFRA
NSE,I,478,INDEX,0,NIFTY100 ESG,1,Nifty100 ESG,0001-01-01,,XX,0.05,,INDEX,X,NIFTY100 ESG
NSE,I,479,INDEX,0,NIFTY100ESGSECLDR,1,Nifty100 ESG Sector Leaders,0001-01-01,,XX,0.05,,INDEX,X,NIFTY100ESGSECLDR
NSE,I,480,INDEX,0,NIFTY200MOMENTM30,1,Nifty 200 Momentum 30,0001-01-01,,XX,0.05,,INDEX,X,NIFTY200MOMENTM30
NSE,I,481,INDEX,0,NIFTY200 ALPHA 30,1,Nifty 200 Alpha 30,0001-01-01,,XX,0.05,,INDEX,X,NIFTY200 ALPHA 30
NSE,I,482,INDEX,0,NIFTY ALPHALOWVOL,1,Nifty Alpha Low Volatility 30,0001-01-01,,XX,0.05,,INDEX,X,NIFTY ALPHALOWVOL
NSE,I,483,INDEX,0,NIFTYM150MOMNTM50,1,Nifty Midcap150 Momentum 50,0001-01-01,,XX,0.05,,INDEX,X,NIFTYM150MOMNTM50
NSE,I,484,INDEX,0,NIFTY50 DIV POINT,1,Nifty 50 Dividend Points,0001-01-01,,XX,0.05,,INDEX,X,NIFTY50 DIV POINT
NSE,I,485,INDEX,0,NIFTY50 EQL WGT,1,Nifty 50 Equal Weight,0001-01-01,,XX,0.05,,INDEX,X,NIFTY50 EQL WGT
NSE,I,486,INDEX,0,NIFTY50 PR 1X INV,1,Nifty 50 PR 1x Inverse,0001-01-01,,XX,0.05,,INDEX,X,NIFTY50 PR 1X INV
NSE,I,487,INDEX,0,NIFTY50 PR 2X LEV,1,Nifty 50 PR 2x Leverage,0001-01-01,,XX,0.05,,INDEX,X,NIFTY50 PR 2X LEV
NSE,I,488,INDEX,0,NIFTY50 TR 1X INV,1,Nifty 50 TR 1x Inverse,0001-01-01,,XX,0.05,,INDEX,X,NIFTY50 TR 1X INV
NSE,I,489,INDEX,0,NIFTY50 TR 2X LEV,1,Nifty 50 TR 2x Leverage,0001-01-01,,XX,0.05,,INDEX,X,NIFTY50 TR 2X LEV
NSE,I,490,INDEX,0,NIFTY200 QUALTY30,1,Nifty 200 Quality 30,0001-01-01,,XX,0.05,,INDEX,X,NIFTY200 QUALTY30
NSE,I,491,INDEX,0,NIFTY EV,1,Nifty EV and New Age Auto,0001-01-01,,XX,0.05,,INDEX,X,NIFTY EV
NSE,I,492,INDEX,0,NIFTYSML250MQ 100,1,Nifty Smallcap250 Momentum Quality 100,0001-01-01,,XX,0.05,,INDEX,X,NIFTYSML250MQ 100
NSE,I,493,INDEX,0,NIFTY IND DEFENCE,1,Nifty India Defence,0001-01-01,,XX,0.05,,INDEX,X,NIFTY IND DEFENCE
NSE,I,494,INDEX,0,NIFTY TOP 10 EW,1,Nifty Top 10 Equal Weight,0001-01-01,,XX,0.05,,INDEX,X,NIFTY TOP 10 EW
NSE,I,495,INDEX,0,NIFTY FINSEREXBNK,1,Nifty Financial Services Ex Bank,0001-01-01,,XX,0.05,,INDEX,X,NIFTY FINSEREXBNK
NSE,I,496,INDEX,0,NIFTY200 VALUE 30,1,Nifty 200 Value 30,0001-01-01,,XX,0.05,,INDEX,X,NIFTY200 VALUE 30
NSE,I,497,INDEX,0,NIFTY MULTI MQ 50,1,Nifty 500 Multicap Momentum Quality 50,0001-01-01,,XX,0.05,,INDEX,X,NIFTY MULTI MQ 50
NSE,I,498,INDEX,0,NIFTY500MOMENTM50,1,Nifty 500 Momentum 50,0001-01-01,,XX,0.05,,INDEX,X,NIFTY500MOMENTM50
NSE,I,801,INDEX,0,Nifty AQL 30,1,Nifty Alpha Quality Low Volatility 30,0001-01-01,,XX,0.05,,INDEX,X,Nifty AQL 30
NSE,I,802,INDEX,0,Nifty AQLV 30,1,Nifty Alpha Quality Value Low Vol 30,0001-01-01,,XX,0.05,,INDEX,X,Nifty AQLV 30
NSE,I,803,INDEX,0,Nifty Capital Mkt,1,Nifty Capital Markets,0001-01-01,,XX,0.05,,INDEX,X,Nifty Capital Mkt
NSE,I,804,INDEX,0,Nifty CoreHousing,1,Nifty Core Housing,0001-01-01,,XX,0.05,,INDEX,X,Nifty CoreHousing
NSE,I,805,INDEX,0,Nifty Corp MAATR,1,Nifty India Select 5 Corp Grps (MAATR),0001-01-01,,XX,0.05,,INDEX,X,Nifty Corp MAATR
NSE,I,806,INDEX,0,Nifty GS 10Yr,1,Nifty 10 Yr Benchmark G Sec,0001-01-01,,XX,0.05,,INDEX,X,Nifty GS 10Yr
NSE,I,807,INDEX,0,Nifty GS 10Yr Cln,1,Nifty 10 Yr Benchmark G Sec Clean Price,0001-01-01,,XX,0.05,,INDEX,X,Nifty GS 10Yr Cln
NSE,I,808,INDEX,0,Nifty GS 11 15Yr,1,Nifty 11-15 Yr G Sec,0001-01-01,,XX,0.05,,INDEX,X,Nifty GS 11 15Yr
NSE,I,809,INDEX,0,Nifty GS 15YrPlus,1,Nifty 15 Yr Plus G Sec,0001-01-01,,XX,0.05,,INDEX,X,Nifty GS 15YrPlus
NSE,I,810,INDEX,0,Nifty GS 4 8Yr,1,Nifty 4-8 Yr G Sec,0001-01-01,,XX,0.05,,INDEX,X,Nifty GS 4 8Yr
NSE,I,811,INDEX,0,Nifty GS 8 13Yr,1,Nifty 8-13 Yr G Sec,0001-01-01,,XX,0.05,,INDEX,X,Nifty GS 8 13Yr
NSE,I,812,INDEX,0,Nifty GS Compsite,1,Nifty Composite G Sec,0001-01-01,,XX,0.05,,INDEX,X,Nifty GS Compsite
NSE,I,813,INDEX,0,Nifty HighBeta 50,1,Nifty High Beta 50,0001-01-01,,XX,0.05,,INDEX,X,Nifty HighBeta 50
NSE,I,814,INDEX,0,Nifty Housing,1,Nifty Housing,0001-01-01,,XX,0.05,,INDEX,X,Nifty Housing
NSE,I,815,INDEX,0,Nifty Ind Tourism,1,Nifty India Tourism,0001-01-01,,XX,0.05,,INDEX,X,Nifty Ind Tourism
NSE,I,816,INDEX,0,Nifty IPO,1,Nifty IPO,0001-01-01,,XX,0.05,,INDEX,X,Nifty IPO
NSE,I,818,INDEX,0,Nifty Mobility,1,Nifty Mobility,0001-01-01,,XX,0.05,,INDEX,X,Nifty Mobility
NSE,I,819,INDEX,0,Nifty MS Fin Serv,1,Nifty Mid Small Financial Services,0001-01-01,,XX,0.05,,INDEX,X,Nifty MS Fin Serv
NSE,I,820,INDEX,0,Nifty MS Ind Cons,1,Nifty Mid Small India Consumption,0001-01-01,,XX,0.05,,INDEX,X,Nifty MS Ind Cons
NSE,I,821,INDEX,0,Nifty MS IT Telcm,1,Nifty Mid Small IT Telecom,0001-01-01,,XX,0.05,,INDEX,X,Nifty MS IT Telcm
NSE,I,822,INDEX,0,Nifty New Consump,1,Nifty India New Age Consumption,0001-01-01,,XX,0.05,,INDEX,X,Nifty New Consump
NSE,I,823,INDEX,0,Nifty NonCyc Cons,1,Nifty Non Cyclical Consumer,0001-01-01,,XX,0.05,,INDEX,X,Nifty NonCyc Cons
NSE,I,824,INDEX,0,Nifty Qlty LV 30,1,Nifty Quality Low Volatility 30,0001-01-01,,XX,0.05,,INDEX,X,Nifty Qlty LV 30
NSE,I,825,INDEX,0,Nifty Rural,1,Nifty Rural,0001-01-01,,XX,0.05,,INDEX,X,Nifty Rural
NSE,I,826,INDEX,0,Nifty Shariah 25,1,Nifty Shariah 25,0001-01-01,,XX,0.05,,INDEX,X,Nifty Shariah 25
NSE,I,827,INDEX,0,Nifty Sml250 Q50,1,Nifty Smallcap 250 Quality 50,0001-01-01,,XX,0.05,,INDEX,X,Nifty Sml250 Q50
NSE,I,828,INDEX,0,Nifty Top 15 EW,1,Nifty Top 15 Equal Weight,0001-01-01,,XX,0.05,,INDEX,X,Nifty Top 15 EW
NSE,I,829,INDEX,0,Nifty Top 20 EW,1,Nifty Top 20 Equal Weight,0001-01-01,,XX,0.05,,INDEX,X,Nifty Top 20 EW
NSE,I,830,INDEX,0,Nifty Trans Logis,1,Nifty Transportation Logistics,0001-01-01,,XX,0.05,,INDEX,X,Nifty Trans Logis
NSE,I,831,INDEX,0,Nifty100 Alpha 30,1,Nifty 100 Alpha 30,0001-01-01,,XX,0.05,,INDEX,X,Nifty100 Alpha 30
NSE,I,832,INDEX,0,Nifty100 Enh ESG,1,Nifty 100 Enhanced ESG,0001-01-01,,XX,0.05,,INDEX,X,Nifty100 Enh ESG
NSE,I,833,INDEX,0,Nifty50 Shariah,1,Nifty 50 Shariah,0001-01-01,,XX,0.05,,INDEX,X,Nifty50 Shariah
NSE,I,834,INDEX,0,Nifty500 EW,1,Nifty 500 Equal Weight,0001-01-01,,XX,0.05,,INDEX,X,Nifty500 EW
NSE,I,835,INDEX,0,Nifty500 LMS Eql,1,Nifty 500 Lrg Mid Sml Equal Wtd,0001-01-01,,XX,0.05,,INDEX,X,Nifty500 LMS Eql
NSE,I,836,INDEX,0,Nifty500 LowVol50,1,Nifty 500 Low Volatility 50,0001-01-01,,XX,0.05,,INDEX,X,Nifty500 LowVol50
NSE,I,837,INDEX,0,Nifty500 MQVLv50,1,Nifty 500 Multifactor MQVLv 50,0001-01-01,,XX,0.05,,INDEX,X,Nifty500 MQVLv50
NSE,I,838,INDEX,0,Nifty500 Qlty50,1,Nifty 500 Quality 50,0001-01-01,,XX,0.05,,INDEX,X,Nifty500 Qlty50
NSE,I,839,INDEX,0,Nifty500 Shariah,1,Nifty 500 Shariah,0001-01-01,,XX,0.05,,INDEX,X,Nifty500 Shariah
NSE,I,840,INDEX,0,Nifty500 Value 50,1,Nifty 500 Value 50,0001-01-01,,XX,0.05,,INDEX,X,Nifty500 Value 50
NSE,I,841,INDEX,0,NiftyMS400 MQ 100,1,Nifty Mid Small 400 MQ 100,0001-01-01,,XX,0.05,,INDEX,X,NiftyMS400 MQ 100
NSE,I,5024,INDEX,0,GIFTNIFTY,1,Gift Nifty,0001-01-01,,XX,0,,INDEX,X,GIFTNIFTY

